,Data Set,Algorithm,Central Prototype,Data Dimension,Center Dimension,Fold,Module Number,GO Significance
0,salmonella_Liver,WGCNA,,,,all,0,1180.0736170554105
0,salmonella_Liver,WGCNA,,,,all,1,212.36141907753017
0,salmonella_Liver,WGCNA,,,,all,2,0.0
0,salmonella_Liver,WGCNA,,,,all,3,4695.395968868055
0,salmonella_Liver,WGCNA,,,,all,4,819.5048151083606
0,salmonella_Liver,WGCNA,,,,all,5,871.7930171580797
0,salmonella_Liver,WGCNA,,,,all,6,1.583226304515158
0,salmonella_Liver,WGCNA,,,,all,7,1649.8338513811116
0,salmonella_Liver,WGCNA,,,,all,8,5179.607031355026
0,salmonella_Liver,WGCNA,,,,all,9,141.22306378103943
0,salmonella_Liver,WGCNA,,,,all,10,1975.7295472017881
0,salmonella_Liver,WGCNA,,,,all,11,40.35338509202138
0,salmonella_Liver,WGCNA,,,,all,12,2159.203796340148
0,salmonella_Liver,WGCNA,,,,all,13,699.8882297151017
0,salmonella_Liver,WGCNA,,,,all,14,201.39924410622777
0,salmonella_Liver,WGCNA,,,,all,15,0.0
0,salmonella_Liver,WGCNA,,,,all,16,694.8840708547714
0,salmonella_Liver,WGCNA,,,,all,17,9.594289420739127
0,salmonella_Liver,WGCNA,,,,all,18,2.7519872294994383
0,salmonella_Liver,WGCNA,,,,all,19,0.0
0,salmonella_Liver,WGCNA,,,,all,20,10.207401595654707
0,gse73072_hrv_48_64_shedder48_64,WGCNA,,,,all,0,231.5940191904529
0,gse73072_hrv_48_64_shedder48_64,WGCNA,,,,all,1,9.797950750993113
0,gse73072_hrv_48_64_shedder48_64,WGCNA,,,,all,2,148.52232219890587
0,gse73072_hrv_48_64_shedder48_64,WGCNA,,,,all,3,2426.2192364413204
0,gse73072_hrv_48_64_shedder48_64,WGCNA,,,,all,4,224.83701986601338
0,gse73072_hrv_48_64_shedder48_64,WGCNA,,,,all,5,63.3617112473768
0,gse73072_hrv_48_64_shedder48_64,WGCNA,,,,all,6,3080.5261630329137
0,gse73072_hrv_48_64_shedder48_64,WGCNA,,,,all,7,153.5871502181537
0,gse73072_hrv_48_64_shedder48_64,WGCNA,,,,all,8,75.24687817622045
0,gse73072_hrv_48_64_shedder48_64,WGCNA,,,,all,9,2055.5541776332984
0,gse73072_hrv_48_64_shedder48_64,WGCNA,,,,all,10,11631.500836574558
0,gse73072_hrv_48_64_shedder48_64,WGCNA,,,,all,11,3306.532938833025
0,gse73072_hrv_48_64_shedder48_64,WGCNA,,,,all,12,1.3524005616965664
0,gse73072_hrv_48_64_shedder48_64,WGCNA,,,,all,13,1375.4053710517073
0,gse73072_hrv_48_64_shedder48_64,WGCNA,,,,all,14,12.06713613318697
0,gse73072_hrv_48_64_shedder48_64,WGCNA,,,,all,15,143.4816528260409
0,gse73072_hrv_48_64_shedder48_64,WGCNA,,,,all,16,1836.420001091724
0,gse73072_hrv_48_64_shedder48_64,WGCNA,,,,all,17,430.2944444421877
0,gse73072_hrv_48_64_shedder48_64,WGCNA,,,,all,18,31.23526136256296
0,gse73072_hrv_48_64_shedder48_64,WGCNA,,,,all,19,727.654406958258
0,gse73072_hrv_48_64_shedder48_64,WGCNA,,,,all,20,432.8890239379631
0,gse73072_hrv_48_64_shedder48_64,WGCNA,,,,all,21,1740.5194475796281
0,gse73072_hrv_48_64_shedder48_64,WGCNA,,,,all,22,559.2417216908701
0,gse73072_hrv_48_64_shedder48_64,WGCNA,,,,all,23,100.8097450551022
0,gse73072_hrv_48_64_shedder48_64,WGCNA,,,,all,24,654.7149161434069
0,gse73072_hrv_48_64_shedder48_64,WGCNA,,,,all,25,23.05361316620617
0,gse73072_hrv_48_64_shedder48_64,WGCNA,,,,all,26,12.514538956394127
0,gse73072_hrv_48_64_shedder48_64,WGCNA,,,,all,27,570.1040571146356
0,gse73072_hrv_48_64_shedder48_64,WGCNA,,,,all,28,1286.4476039967628
0,gse73072_hrv_48_64_shedder48_64,WGCNA,,,,all,29,6347.197534142259
0,gse73072_hrv_48_64_shedder48_64,WGCNA,,,,all,30,238.23422055901418
0,gse73072_hrv_48_64_shedder48_64,WGCNA,,,,all,31,880.0967998551014
0,gse73072_hrv_48_64_shedder48_64,WGCNA,,,,all,32,1698.1796658616713
0,gse73072_hrv_48_64_shedder48_64,WGCNA,,,,all,33,412.0258305450257
0,gse73072_hrv_48_64_shedder48_64,WGCNA,,,,all,34,7.476285952469782
0,gse73072_hrv_48_64_shedder48_64,WGCNA,,,,all,35,4462.93078055349
0,salmonella_Liver_susceptible,WGCNA,,,,all,0,57.13393254671202
0,salmonella_Liver_susceptible,WGCNA,,,,all,1,690.6783750903138
0,salmonella_Liver_susceptible,WGCNA,,,,all,2,1164.5132586237974
0,salmonella_Liver_susceptible,WGCNA,,,,all,3,2.630679081858911
0,salmonella_Liver_susceptible,WGCNA,,,,all,4,63.69408431511976
0,salmonella_Liver_susceptible,WGCNA,,,,all,5,138.23823371632744
0,salmonella_Liver_susceptible,WGCNA,,,,all,6,25.5563472742509
0,salmonella_Liver_susceptible,WGCNA,,,,all,7,242.85354072739227
0,salmonella_Liver_susceptible,WGCNA,,,,all,8,469.68792900456265
0,salmonella_Liver_susceptible,WGCNA,,,,all,9,377.5558874979146
0,salmonella_Liver_susceptible,WGCNA,,,,all,10,8169.435997792798
0,salmonella_Liver_susceptible,WGCNA,,,,all,11,3306.813433469861
0,salmonella_Liver_susceptible,WGCNA,,,,all,12,1242.6810819363382
0,salmonella_Liver_susceptible,WGCNA,,,,all,13,0.0
0,salmonella_Liver_susceptible,WGCNA,,,,all,14,21.15340705061006
0,salmonella_Liver_susceptible,WGCNA,,,,all,15,0.0
0,salmonella_Liver_susceptible,WGCNA,,,,all,16,0.0
0,salmonella_Liver_susceptible,WGCNA,,,,all,17,1.5975272900551425
0,salmonella_Liver_susceptible,WGCNA,,,,all,18,1.7568117639672316
0,salmonella_Liver_susceptible,WGCNA,,,,all,19,6.265698214195471
0,salmonella_Liver_susceptible,WGCNA,,,,all,20,4.613626232817352
0,salmonella_Liver_susceptible,WGCNA,,,,all,21,3283.5118963431096
0,salmonella_Liver_tolerant,WGCNA,,,,all,0,14.150721215978702
0,salmonella_Liver_tolerant,WGCNA,,,,all,1,244.60069150093688
0,salmonella_Liver_tolerant,WGCNA,,,,all,2,7017.820666221981
0,salmonella_Liver_tolerant,WGCNA,,,,all,3,436.6160677136604
0,salmonella_Liver_tolerant,WGCNA,,,,all,4,66.01391236782297
0,salmonella_Liver_tolerant,WGCNA,,,,all,5,6008.496787552444
0,salmonella_Liver_tolerant,WGCNA,,,,all,6,1061.3762634641607
0,salmonella_Liver_tolerant,WGCNA,,,,all,7,0.0
0,salmonella_Liver_tolerant,WGCNA,,,,all,8,21.81035581603076
0,salmonella_Liver_tolerant,WGCNA,,,,all,9,0.0
0,salmonella_Liver_tolerant,WGCNA,,,,all,10,1.3899468491173903
0,salmonella_Liver_tolerant,WGCNA,,,,all,11,3870.4908616143557
0,salmonella_Liver_tolerant,WGCNA,,,,all,12,271.25806858710024
0,salmonella_Liver_tolerant,WGCNA,,,,all,13,0.0
0,salmonella_Liver_tolerant,WGCNA,,,,all,14,0.0
0,salmonella_Liver_tolerant,WGCNA,,,,all,15,0.0
0,salmonella_Liver_tolerant,WGCNA,,,,all,16,655.9856344458055
0,salmonella_Liver_tolerant,WGCNA,,,,all,17,0.0
0,salmonella_Liver_tolerant,WGCNA,,,,all,18,383.4747589214529
0,salmonella_Liver_tolerant,WGCNA,,,,all,19,8.931610295322013
0,salmonella_Liver_tolerant,WGCNA,,,,all,20,0.0
0,salmonella_Liver_tolerant,WGCNA,,,,all,21,199.43599561010984
0,gse73072_hrv_48_64,WGCNA,,,,all,0,137.1013370757367
0,gse73072_hrv_48_64,WGCNA,,,,all,1,551.4052850117939
0,gse73072_hrv_48_64,WGCNA,,,,all,2,299.5248546714274
0,gse73072_hrv_48_64,WGCNA,,,,all,3,1156.2437980938203
0,gse73072_hrv_48_64,WGCNA,,,,all,4,121.63797995997571
0,gse73072_hrv_48_64,WGCNA,,,,all,5,119.46373197327932
0,gse73072_hrv_48_64,WGCNA,,,,all,6,52.226272457094225
0,gse73072_hrv_48_64,WGCNA,,,,all,7,3054.3015889769977
0,gse73072_hrv_48_64,WGCNA,,,,all,8,5394.351663627463
0,gse73072_hrv_48_64,WGCNA,,,,all,9,407.6465320338159
0,gse73072_hrv_48_64,WGCNA,,,,all,10,1200.9964069565294
0,gse73072_hrv_48_64,WGCNA,,,,all,11,20168.675335370608
0,gse73072_hrv_48_64,WGCNA,,,,all,12,5198.082626311747
0,gse73072_hrv_48_64,WGCNA,,,,all,13,1880.0585953087832
0,gse73072_hrv_48_64,WGCNA,,,,all,14,323.3103760709716
0,gse73072_hrv_48_64,WGCNA,,,,all,15,174.9253031538728
0,gse73072_hrv_48_64,WGCNA,,,,all,16,675.1224297258459
0,gse73072_hrv_48_64,WGCNA,,,,all,17,586.6406498955089
0,gse73072_hrv_48_64,WGCNA,,,,all,18,1187.2515239460124
0,gse73072_hrv_48_64,WGCNA,,,,all,19,783.098090428727
0,gse73072_hrv_48_64,WGCNA,,,,all,20,212.57630148619026
0,gse73072_hrv_48_64,WGCNA,,,,all,21,1067.4242358821666
0,gse73072_hrv_48_64,WGCNA,,,,all,22,84.88689228205995
0,gse73072_hrv_48_64,WGCNA,,,,all,23,82.59385076637714
0,gse73072_hrv_48_64,WGCNA,,,,all,24,465.17510604138783
0,gse73072_hrv_48_64,WGCNA,,,,all,25,124.15216443710891
0,gse73072_hrv_48_64,WGCNA,,,,all,26,1047.3709454241393
0,gse73072_hrv_48_64,WGCNA,,,,all,27,14.260822705958883
0,gse73072_hrv_48_64,WGCNA,,,,all,28,230.0706718062939
0,gse73072_hrv_48_64,WGCNA,,,,all,29,336.76032751873714
0,gse73072_hrv_48_64,WGCNA,,,,all,30,90.11755645414664
0,gse73072_hrv_48_64,WGCNA,,,,all,31,1556.087219831414
0,gse73072_hrv_48_64,WGCNA,,,,all,32,226.81827938740892
0,gse73072_hrv_48_64,WGCNA,,,,all,33,16.712493328816937
0,gse73072_hrv_48_64,WGCNA,,,,all,34,368.4531067264603
0,gse73072_hrv_48_64_control,WGCNA,,,,all,0,42652.621507044896
0,gse73072_hrv_48_64_control,WGCNA,,,,all,1,1971.841199470524
0,gse73072_hrv_48_64_control,WGCNA,,,,all,2,3721.1133013676736
0,gse73072_hrv_48_64_control,WGCNA,,,,all,3,1973.562070279422
0,gse73072_hrv_48_64_control,WGCNA,,,,all,4,2359.787968408609
0,gse73072_hrv_48_64_control,WGCNA,,,,all,5,4262.321200940882
0,gse73072_hrv_48_64_control,WGCNA,,,,all,6,240.75682777572422
0,gse73072_hrv_48_64_control,WGCNA,,,,all,7,59.44010401771788
0,gse73072_hrv_48_64_control,WGCNA,,,,all,8,245.23733043656378
0,gse73072_hrv_48_64_control,WGCNA,,,,all,9,504.37196781104507
0,salmonella_Liver,WGCNA,,,,1,0,5823.552344934628
0,salmonella_Liver,WGCNA,,,,1,1,125.31405881039866
0,salmonella_Liver,WGCNA,,,,1,2,4401.762648183324
0,salmonella_Liver,WGCNA,,,,1,3,162.89685567895643
0,salmonella_Liver,WGCNA,,,,1,4,2175.596103856141
0,salmonella_Liver,WGCNA,,,,1,5,63.29043659022049
0,salmonella_Liver,WGCNA,,,,1,6,425.06312413393084
0,salmonella_Liver,WGCNA,,,,1,7,352.27274196774977
0,salmonella_Liver,WGCNA,,,,1,8,2983.1919222071283
0,salmonella_Liver,WGCNA,,,,1,9,0.0
0,salmonella_Liver,WGCNA,,,,1,10,0.0
0,salmonella_Liver,WGCNA,,,,1,11,221.51634872219628
0,salmonella_Liver,WGCNA,,,,1,12,554.8029277859234
0,salmonella_Liver,WGCNA,,,,1,13,11.477004547219734
0,salmonella_Liver,WGCNA,,,,1,14,653.9681989006035
0,salmonella_Liver,WGCNA,,,,1,15,409.8549391438713
0,gse73072_hrv_48_64,WGCNA,,,,3,0,40961.29402423932
0,gse73072_hrv_48_64,WGCNA,,,,3,1,295.939219651187
0,gse73072_hrv_48_64,WGCNA,,,,3,2,2754.432762039177
0,gse73072_hrv_48_64,WGCNA,,,,3,3,4293.347142515401
0,gse73072_hrv_48_64,WGCNA,,,,3,4,360.9269302589656
0,gse73072_hrv_48_64,WGCNA,,,,3,5,38.585513239317635
0,gse73072_hrv_48_64,WGCNA,,,,3,6,388.2852997219319
0,gse73072_hrv_48_64,WGCNA,,,,3,7,1373.4946753526033
0,gse73072_hrv_48_64,WGCNA,,,,3,8,2115.1451069297236
0,gse73072_hrv_48_64,WGCNA,,,,3,9,231.4010805703703
0,gse73072_hrv_48_64,WGCNA,,,,3,10,2397.2284569257727
0,gse73072_hrv_48_64,WGCNA,,,,3,11,186.9579054687727
0,gse73072_hrv_48_64,WGCNA,,,,3,12,1537.2927089547845
0,gse73072_hrv_48_64_control,WGCNA,,,,0,0,355.66479305349714
0,gse73072_hrv_48_64_control,WGCNA,,,,0,1,12837.283796882846
0,gse73072_hrv_48_64_control,WGCNA,,,,0,2,550.2366594616615
0,gse73072_hrv_48_64_control,WGCNA,,,,0,3,9231.997145954749
0,gse73072_hrv_48_64_control,WGCNA,,,,0,4,6612.257306702282
0,gse73072_hrv_48_64_control,WGCNA,,,,0,5,31.822496798102716
0,gse73072_hrv_48_64_control,WGCNA,,,,0,6,1538.0186733406365
0,gse73072_hrv_48_64_control,WGCNA,,,,0,7,4961.0697384594
0,gse73072_hrv_48_64_control,WGCNA,,,,0,8,1253.6740874259986
0,gse73072_hrv_48_64_control,WGCNA,,,,0,9,962.9701802165625
0,gse73072_hrv_48_64_control,WGCNA,,,,0,10,2155.8885017222283
0,gse73072_hrv_48_64_control,WGCNA,,,,0,11,2036.5730653296384
0,gse73072_hrv_48_64_control,WGCNA,,,,0,12,98.65931239625523
0,gse73072_hrv_48_64_control,WGCNA,,,,0,13,464.57039131310694
0,gse73072_hrv_48_64_control,WGCNA,,,,0,14,192.02973413658344
0,gse73072_hrv_48_64_control,WGCNA,,,,0,15,488.6553067575099
0,gse73072_hrv_48_64_control,WGCNA,,,,0,16,180.0764038336994
0,gse73072_hrv_48_64_control,WGCNA,,,,0,17,351.41497257255213
0,gse73072_hrv_48_64_control,WGCNA,,,,0,18,239.48521185186146
0,gse73072_hrv_48_64_control,WGCNA,,,,0,19,67.61633936121277
0,gse73072_hrv_48_64_control,WGCNA,,,,0,20,2056.5075589245284
0,gse73072_hrv_48_64_control,WGCNA,,,,0,21,798.2015815209769
0,gse73072_hrv_48_64_control,WGCNA,,,,0,22,2439.8623309272784
0,gse73072_hrv_48_64,WGCNA,,,,1,0,166.5083634810212
0,gse73072_hrv_48_64,WGCNA,,,,1,1,5906.25412336426
0,gse73072_hrv_48_64,WGCNA,,,,1,2,225.34180063437086
0,gse73072_hrv_48_64,WGCNA,,,,1,3,2237.9923594809998
0,gse73072_hrv_48_64,WGCNA,,,,1,4,675.650818886293
0,gse73072_hrv_48_64,WGCNA,,,,1,5,76.03787558970882
0,gse73072_hrv_48_64,WGCNA,,,,1,6,146.9498256016723
0,gse73072_hrv_48_64,WGCNA,,,,1,7,416.09648489894295
0,gse73072_hrv_48_64,WGCNA,,,,1,8,393.37902599138545
0,gse73072_hrv_48_64,WGCNA,,,,1,9,2249.873793040186
0,gse73072_hrv_48_64,WGCNA,,,,1,10,891.3914182619043
0,gse73072_hrv_48_64,WGCNA,,,,1,11,342.47367520222815
0,gse73072_hrv_48_64,WGCNA,,,,1,12,1096.7325569078782
0,gse73072_hrv_48_64,WGCNA,,,,1,13,17440.62904938136
0,gse73072_hrv_48_64,WGCNA,,,,1,14,4380.230883779873
0,gse73072_hrv_48_64,WGCNA,,,,1,15,1333.2858511458555
0,gse73072_hrv_48_64,WGCNA,,,,1,16,16.218176167479157
0,gse73072_hrv_48_64,WGCNA,,,,1,17,811.0167432482308
0,gse73072_hrv_48_64,WGCNA,,,,1,18,1834.9777568908748
0,gse73072_hrv_48_64,WGCNA,,,,1,19,2382.549182126356
0,gse73072_hrv_48_64,WGCNA,,,,1,20,805.3510676505427
0,gse73072_hrv_48_64,WGCNA,,,,1,21,212.32023581908985
0,gse73072_hrv_48_64,WGCNA,,,,1,22,424.3481942267124
0,gse73072_hrv_48_64,WGCNA,,,,1,23,568.8967440479241
0,gse73072_hrv_48_64,WGCNA,,,,1,24,36.52564458346412
0,gse73072_hrv_48_64,WGCNA,,,,1,25,79.37323128761966
0,gse73072_hrv_48_64,WGCNA,,,,1,26,25.57661901696178
0,gse73072_hrv_48_64,WGCNA,,,,1,27,208.4118996071442
0,gse73072_hrv_48_64,WGCNA,,,,1,28,72.20604637089686
0,gse73072_hrv_48_64,WGCNA,,,,1,29,307.1554664533907
0,gse73072_hrv_48_64,WGCNA,,,,1,30,49.150124103718525
0,gse73072_hrv_48_64,WGCNA,,,,1,31,1269.1099544212195
0,gse73072_hrv_48_64,WGCNA,,,,1,32,97.14894929632842
0,gse73072_hrv_48_64,WGCNA,,,,1,33,1933.9267642438408
0,gse73072_hrv_48_64,WGCNA,,,,2,0,166.5083634810212
0,gse73072_hrv_48_64,WGCNA,,,,2,1,5906.25412336426
0,gse73072_hrv_48_64,WGCNA,,,,2,2,225.34180063437086
0,gse73072_hrv_48_64,WGCNA,,,,2,3,2237.9923594809998
0,gse73072_hrv_48_64,WGCNA,,,,2,4,675.650818886293
0,gse73072_hrv_48_64,WGCNA,,,,2,5,76.03787558970882
0,gse73072_hrv_48_64,WGCNA,,,,2,6,146.9498256016723
0,gse73072_hrv_48_64,WGCNA,,,,2,7,416.09648489894295
0,gse73072_hrv_48_64,WGCNA,,,,2,8,393.37902599138545
0,gse73072_hrv_48_64,WGCNA,,,,2,9,2249.873793040186
0,gse73072_hrv_48_64,WGCNA,,,,2,10,891.3914182619043
0,gse73072_hrv_48_64,WGCNA,,,,2,11,342.47367520222815
0,gse73072_hrv_48_64,WGCNA,,,,2,12,1096.7325569078782
0,gse73072_hrv_48_64,WGCNA,,,,2,13,17440.62904938136
0,gse73072_hrv_48_64,WGCNA,,,,2,14,4380.230883779873
0,gse73072_hrv_48_64,WGCNA,,,,2,15,1333.2858511458555
0,gse73072_hrv_48_64,WGCNA,,,,2,16,16.218176167479157
0,gse73072_hrv_48_64,WGCNA,,,,2,17,811.0167432482308
0,gse73072_hrv_48_64,WGCNA,,,,2,18,1834.9777568908748
0,gse73072_hrv_48_64,WGCNA,,,,2,19,2382.549182126356
0,gse73072_hrv_48_64,WGCNA,,,,2,20,805.3510676505427
0,gse73072_hrv_48_64,WGCNA,,,,2,21,212.32023581908985
0,gse73072_hrv_48_64,WGCNA,,,,2,22,424.3481942267124
0,gse73072_hrv_48_64,WGCNA,,,,2,23,568.8967440479241
0,gse73072_hrv_48_64,WGCNA,,,,2,24,36.52564458346412
0,gse73072_hrv_48_64,WGCNA,,,,2,25,79.37323128761966
0,gse73072_hrv_48_64,WGCNA,,,,2,26,25.57661901696178
0,gse73072_hrv_48_64,WGCNA,,,,2,27,208.4118996071442
0,gse73072_hrv_48_64,WGCNA,,,,2,28,72.20604637089686
0,gse73072_hrv_48_64,WGCNA,,,,2,29,307.1554664533907
0,gse73072_hrv_48_64,WGCNA,,,,2,30,49.150124103718525
0,gse73072_hrv_48_64,WGCNA,,,,2,31,1269.1099544212195
0,gse73072_hrv_48_64,WGCNA,,,,2,32,97.14894929632842
0,gse73072_hrv_48_64,WGCNA,,,,2,33,1933.9267642438408
0,salmonella_Liver,WGCNA,,,,2,0,1801.7269927875336
0,salmonella_Liver,WGCNA,,,,2,1,638.4843642299778
0,salmonella_Liver,WGCNA,,,,2,2,4930.457754614239
0,salmonella_Liver,WGCNA,,,,2,3,17.658225044911298
0,salmonella_Liver,WGCNA,,,,2,4,8.431644384709458
0,salmonella_Liver,WGCNA,,,,2,5,1704.7311423583774
0,salmonella_Liver,WGCNA,,,,2,6,700.9087052430567
0,salmonella_Liver,WGCNA,,,,2,7,863.0287882683422
0,salmonella_Liver,WGCNA,,,,2,8,84.44074013830246
0,salmonella_Liver,WGCNA,,,,2,9,0.0
0,salmonella_Liver,WGCNA,,,,2,10,1425.1376390030816
0,salmonella_Liver,WGCNA,,,,2,11,3863.0991666880623
0,salmonella_Liver,WGCNA,,,,2,12,214.71784055226559
0,salmonella_Liver,WGCNA,,,,2,13,0.0
0,salmonella_Liver,WGCNA,,,,2,14,3928.075272795965
0,salmonella_Liver,WGCNA,,,,2,15,326.1293647802632
0,salmonella_Liver_susceptible,WGCNA,,,,3,0,35.87409627451038
0,salmonella_Liver_susceptible,WGCNA,,,,3,1,35.46946673577298
0,salmonella_Liver_susceptible,WGCNA,,,,3,2,16.875090388957368
0,salmonella_Liver_susceptible,WGCNA,,,,3,3,7.032249489012152
0,salmonella_Liver_susceptible,WGCNA,,,,3,4,10005.07452233425
0,salmonella_Liver_susceptible,WGCNA,,,,3,5,1.448426136080759
0,salmonella_Liver_susceptible,WGCNA,,,,3,6,103.5996556290495
0,salmonella_Liver_susceptible,WGCNA,,,,3,7,2781.7823890291056
0,salmonella_Liver_susceptible,WGCNA,,,,3,8,281.9603510566326
0,salmonella_Liver_susceptible,WGCNA,,,,3,9,1418.0128099426
0,salmonella_Liver_susceptible,WGCNA,,,,3,10,404.75854602356264
0,salmonella_Liver_susceptible,WGCNA,,,,3,11,545.4908444940219
0,salmonella_Liver_susceptible,WGCNA,,,,3,12,45.55813175657857
0,salmonella_Liver_susceptible,WGCNA,,,,3,13,1144.7038572320835
0,salmonella_Liver_susceptible,WGCNA,,,,3,14,23.625087098708736
0,salmonella_Liver_susceptible,WGCNA,,,,3,15,1231.1856065991074
0,salmonella_Liver_susceptible,WGCNA,,,,3,16,0.0
0,salmonella_Liver_susceptible,WGCNA,,,,3,17,30.857806539023905
0,salmonella_Liver_susceptible,WGCNA,,,,3,18,0.0
0,salmonella_Liver_susceptible,WGCNA,,,,3,19,177.19096128670867
0,salmonella_Liver_susceptible,WGCNA,,,,3,20,18.720635058555157
0,salmonella_Liver_susceptible,WGCNA,,,,3,21,3.771357097597727
0,salmonella_Liver_susceptible,WGCNA,,,,3,22,7.080725723953776
0,salmonella_Liver_susceptible,WGCNA,,,,3,23,416.1586182955188
0,salmonella_Liver_susceptible,WGCNA,,,,0,0,46.403438979878494
0,salmonella_Liver_susceptible,WGCNA,,,,0,1,79.0275846559425
0,salmonella_Liver_susceptible,WGCNA,,,,0,2,10.879642942987289
0,salmonella_Liver_susceptible,WGCNA,,,,0,3,0.0
0,salmonella_Liver_susceptible,WGCNA,,,,0,4,3.1613922468605367
0,salmonella_Liver_susceptible,WGCNA,,,,0,5,9.670311636777889
0,salmonella_Liver_susceptible,WGCNA,,,,0,6,4045.6390039550115
0,salmonella_Liver_susceptible,WGCNA,,,,0,7,334.57910452231374
0,salmonella_Liver_susceptible,WGCNA,,,,0,8,4325.446443539426
0,salmonella_Liver_susceptible,WGCNA,,,,0,9,4.217463236098802
0,salmonella_Liver_susceptible,WGCNA,,,,0,10,1502.8574213134038
0,salmonella_Liver_susceptible,WGCNA,,,,0,11,131.24624893116294
0,salmonella_Liver_susceptible,WGCNA,,,,0,12,42.28418569163386
0,salmonella_Liver_susceptible,WGCNA,,,,0,13,6.566635821852238
0,salmonella_Liver_susceptible,WGCNA,,,,0,14,3.097258461020317
0,salmonella_Liver_susceptible,WGCNA,,,,0,15,47.13179757417455
0,salmonella_Liver_susceptible,WGCNA,,,,0,16,5702.05722092478
0,salmonella_Liver_susceptible,WGCNA,,,,0,17,72.83573123857448
0,salmonella_Liver_susceptible,WGCNA,,,,0,18,22.865963037553023
0,salmonella_Liver_susceptible,WGCNA,,,,0,19,53.676433181661345
0,salmonella_Liver_susceptible,WGCNA,,,,0,20,7.13156018671376
0,salmonella_Liver_susceptible,WGCNA,,,,0,21,13.411855000802204
0,salmonella_Liver_susceptible,WGCNA,,,,0,22,0.0
0,salmonella_Liver_susceptible,WGCNA,,,,0,23,853.4806227199218
0,salmonella_Liver_susceptible,WGCNA,,,,0,24,524.4587772409491
0,salmonella_Liver_susceptible,WGCNA,,,,0,25,0.0
0,salmonella_Liver_susceptible,WGCNA,,,,0,26,0.0
0,salmonella_Liver_susceptible,WGCNA,,,,0,27,0.0
0,salmonella_Liver_tolerant,WGCNA,,,,4,0,225.00745429108918
0,salmonella_Liver_tolerant,WGCNA,,,,4,1,259.74058779444823
0,salmonella_Liver_tolerant,WGCNA,,,,4,2,846.2273691797388
0,salmonella_Liver_tolerant,WGCNA,,,,4,3,342.052400273517
0,salmonella_Liver_tolerant,WGCNA,,,,4,4,3.4691584347302173
0,salmonella_Liver_tolerant,WGCNA,,,,4,5,5898.371683554031
0,salmonella_Liver_tolerant,WGCNA,,,,4,6,7620.165215532756
0,salmonella_Liver_tolerant,WGCNA,,,,4,7,0.0
0,salmonella_Liver_tolerant,WGCNA,,,,4,8,231.56727442450693
0,salmonella_Liver_tolerant,WGCNA,,,,4,9,79.84962238043387
0,salmonella_Liver_tolerant,WGCNA,,,,4,10,1.4176592069706626
0,salmonella_Liver_tolerant,WGCNA,,,,4,11,373.8177178676167
0,salmonella_Liver_tolerant,WGCNA,,,,4,12,235.82473632141924
0,salmonella_Liver_tolerant,WGCNA,,,,4,13,610.1716744635503
0,salmonella_Liver_tolerant,WGCNA,,,,4,14,0.0
0,salmonella_Liver_tolerant,WGCNA,,,,4,15,44.51471273461326
0,salmonella_Liver_tolerant,WGCNA,,,,4,16,3212.784663211891
0,salmonella_Liver_tolerant,WGCNA,,,,4,17,0.0
0,salmonella_Liver_tolerant,WGCNA,,,,4,18,760.6517193389889
0,salmonella_Liver_tolerant,WGCNA,,,,4,19,1.3949542500170786
0,gse73072_hrv_48_64_control,WGCNA,,,,1,0,77.63241334078658
0,gse73072_hrv_48_64_control,WGCNA,,,,1,1,1710.246275469584
0,gse73072_hrv_48_64_control,WGCNA,,,,1,2,81.30193905049917
0,gse73072_hrv_48_64_control,WGCNA,,,,1,3,427.6924778808408
0,gse73072_hrv_48_64_control,WGCNA,,,,1,4,3189.473868019273
0,gse73072_hrv_48_64_control,WGCNA,,,,1,5,3444.7088787857087
0,gse73072_hrv_48_64_control,WGCNA,,,,1,6,1161.4327117382602
0,gse73072_hrv_48_64_control,WGCNA,,,,1,7,84.12498550414244
0,gse73072_hrv_48_64_control,WGCNA,,,,1,8,288.1497989629693
0,gse73072_hrv_48_64_control,WGCNA,,,,1,9,17026.972674572058
0,gse73072_hrv_48_64_control,WGCNA,,,,1,10,5447.504379157337
0,gse73072_hrv_48_64_control,WGCNA,,,,1,11,726.025112076193
0,gse73072_hrv_48_64_control,WGCNA,,,,1,12,683.3400621464502
0,gse73072_hrv_48_64_control,WGCNA,,,,1,13,481.58307278684083
0,gse73072_hrv_48_64_control,WGCNA,,,,1,14,1793.7006992405652
0,gse73072_hrv_48_64_control,WGCNA,,,,1,15,4019.2965069248885
0,gse73072_hrv_48_64_control,WGCNA,,,,1,16,384.8069662444783
0,gse73072_hrv_48_64_control,WGCNA,,,,1,17,698.976601491468
0,gse73072_hrv_48_64_control,WGCNA,,,,1,18,320.0139076780161
0,gse73072_hrv_48_64_control,WGCNA,,,,1,19,285.8255696012617
0,gse73072_hrv_48_64_control,WGCNA,,,,1,20,712.8470562757489
0,gse73072_hrv_48_64_control,WGCNA,,,,1,21,2326.4879256884938
0,gse73072_hrv_48_64_control,WGCNA,,,,1,22,343.9758565098479
0,gse73072_hrv_48_64_control,WGCNA,,,,1,23,943.6039286766766
0,gse73072_hrv_48_64_control,WGCNA,,,,1,24,12.566196959955725
0,gse73072_hrv_48_64_control,WGCNA,,,,1,25,3151.3520126046924
0,gse73072_hrv_48_64_shedder48_64,WGCNA,,,,3,0,24.312414501534953
0,gse73072_hrv_48_64_shedder48_64,WGCNA,,,,3,1,107.66327957499065
0,gse73072_hrv_48_64_shedder48_64,WGCNA,,,,3,2,6.996111637412067
0,gse73072_hrv_48_64_shedder48_64,WGCNA,,,,3,3,66.43029863624288
0,gse73072_hrv_48_64_shedder48_64,WGCNA,,,,3,4,2794.011544981926
0,gse73072_hrv_48_64_shedder48_64,WGCNA,,,,3,5,492.68781796165
0,gse73072_hrv_48_64_shedder48_64,WGCNA,,,,3,6,782.7873802790815
0,gse73072_hrv_48_64_shedder48_64,WGCNA,,,,3,7,3362.3803015250214
0,gse73072_hrv_48_64_shedder48_64,WGCNA,,,,3,8,63.302833030489175
0,gse73072_hrv_48_64_shedder48_64,WGCNA,,,,3,9,366.5757484085217
0,gse73072_hrv_48_64_shedder48_64,WGCNA,,,,3,10,4057.027880692642
0,gse73072_hrv_48_64_shedder48_64,WGCNA,,,,3,11,1526.9845035556953
0,gse73072_hrv_48_64_shedder48_64,WGCNA,,,,3,12,545.1075711062347
0,gse73072_hrv_48_64_shedder48_64,WGCNA,,,,3,13,41.70524204138369
0,gse73072_hrv_48_64_shedder48_64,WGCNA,,,,3,14,11242.758325165198
0,gse73072_hrv_48_64_shedder48_64,WGCNA,,,,3,15,4402.083894981308
0,gse73072_hrv_48_64_shedder48_64,WGCNA,,,,3,16,1336.2499748827915
0,gse73072_hrv_48_64_shedder48_64,WGCNA,,,,3,17,632.0289766756682
0,gse73072_hrv_48_64_shedder48_64,WGCNA,,,,3,18,1490.0006887579532
0,gse73072_hrv_48_64_shedder48_64,WGCNA,,,,3,19,325.5571613750619
0,gse73072_hrv_48_64_shedder48_64,WGCNA,,,,3,20,513.6348056974309
0,gse73072_hrv_48_64_shedder48_64,WGCNA,,,,3,21,242.82010669787965
0,gse73072_hrv_48_64_shedder48_64,WGCNA,,,,3,22,320.0433115826798
0,gse73072_hrv_48_64_shedder48_64,WGCNA,,,,3,23,1222.1861413843146
0,gse73072_hrv_48_64_shedder48_64,WGCNA,,,,3,24,1101.8635152878376
0,gse73072_hrv_48_64_shedder48_64,WGCNA,,,,3,25,1964.064076202325
0,gse73072_hrv_48_64_shedder48_64,WGCNA,,,,3,26,145.71159825166305
0,gse73072_hrv_48_64_shedder48_64,WGCNA,,,,3,27,114.62865782459023
0,gse73072_hrv_48_64_shedder48_64,WGCNA,,,,3,28,19.752319418587145
0,gse73072_hrv_48_64_shedder48_64,WGCNA,,,,3,29,73.41465271721678
0,gse73072_hrv_48_64_shedder48_64,WGCNA,,,,3,30,85.44592618740164
0,gse73072_hrv_48_64_shedder48_64,WGCNA,,,,3,31,778.5103661469111
0,gse73072_hrv_48_64_shedder48_64,WGCNA,,,,3,32,2313.2249029488144
0,gse73072_hrv_48_64_shedder48_64,WGCNA,,,,3,33,387.8789196212177
0,gse73072_hrv_48_64_shedder48_64,WGCNA,,,,3,34,475.3936810207613
0,gse73072_hrv_48_64_control,WGCNA,,,,3,0,738.3559815904824
0,gse73072_hrv_48_64_control,WGCNA,,,,3,1,180.87710047706915
0,gse73072_hrv_48_64_control,WGCNA,,,,3,2,1158.903668787555
0,gse73072_hrv_48_64_control,WGCNA,,,,3,3,1898.1807495398396
0,gse73072_hrv_48_64_control,WGCNA,,,,3,4,219.49633166495062
0,gse73072_hrv_48_64_control,WGCNA,,,,3,5,3010.291942568888
0,gse73072_hrv_48_64_control,WGCNA,,,,3,6,39882.5714141471
0,gse73072_hrv_48_64_control,WGCNA,,,,3,7,200.2756094183028
0,gse73072_hrv_48_64_control,WGCNA,,,,3,8,2816.6178196875353
0,gse73072_hrv_48_64_control,WGCNA,,,,3,9,1406.9183119582194
0,gse73072_hrv_48_64_control,WGCNA,,,,3,10,595.916140724649
0,gse73072_hrv_48_64_control,WGCNA,,,,3,11,291.1484563208003
0,gse73072_hrv_48_64_control,WGCNA,,,,3,12,1711.287948613475
0,gse73072_hrv_48_64_control,WGCNA,,,,3,13,1359.1518841017423
0,gse73072_hrv_48_64_shedder48_64,WGCNA,,,,1,0,154.99895884561863
0,gse73072_hrv_48_64_shedder48_64,WGCNA,,,,1,1,570.9757251897495
0,gse73072_hrv_48_64_shedder48_64,WGCNA,,,,1,2,18.260415790683624
0,gse73072_hrv_48_64_shedder48_64,WGCNA,,,,1,3,7.780967096707203
0,gse73072_hrv_48_64_shedder48_64,WGCNA,,,,1,4,65.51101161194889
0,gse73072_hrv_48_64_shedder48_64,WGCNA,,,,1,5,252.61021473333642
0,gse73072_hrv_48_64_shedder48_64,WGCNA,,,,1,6,537.4983661199298
0,gse73072_hrv_48_64_shedder48_64,WGCNA,,,,1,7,519.3703658642728
0,gse73072_hrv_48_64_shedder48_64,WGCNA,,,,1,8,210.36137080211233
0,gse73072_hrv_48_64_shedder48_64,WGCNA,,,,1,9,2584.0975874514847
0,gse73072_hrv_48_64_shedder48_64,WGCNA,,,,1,10,1206.1963431135487
0,gse73072_hrv_48_64_shedder48_64,WGCNA,,,,1,11,1180.007768097707
0,gse73072_hrv_48_64_shedder48_64,WGCNA,,,,1,12,3277.399177826841
0,gse73072_hrv_48_64_shedder48_64,WGCNA,,,,1,13,18779.50912265221
0,gse73072_hrv_48_64_shedder48_64,WGCNA,,,,1,14,3130.9590128440695
0,gse73072_hrv_48_64_shedder48_64,WGCNA,,,,1,15,54.17420132619344
0,gse73072_hrv_48_64_shedder48_64,WGCNA,,,,1,16,28.222161483232917
0,gse73072_hrv_48_64_shedder48_64,WGCNA,,,,1,17,287.03048129158424
0,gse73072_hrv_48_64_shedder48_64,WGCNA,,,,1,18,5.501099391719436
0,gse73072_hrv_48_64_shedder48_64,WGCNA,,,,1,19,24.377881388307586
0,gse73072_hrv_48_64_shedder48_64,WGCNA,,,,1,20,617.2441223445833
0,gse73072_hrv_48_64_shedder48_64,WGCNA,,,,1,21,192.720730402243
0,gse73072_hrv_48_64_shedder48_64,WGCNA,,,,1,22,89.78515587379817
0,gse73072_hrv_48_64_shedder48_64,WGCNA,,,,1,23,111.49283449910409
0,gse73072_hrv_48_64_shedder48_64,WGCNA,,,,1,24,20.179253145018727
0,gse73072_hrv_48_64_shedder48_64,WGCNA,,,,1,25,156.9082976087382
0,gse73072_hrv_48_64_shedder48_64,WGCNA,,,,1,26,380.6012933665376
0,gse73072_hrv_48_64_shedder48_64,WGCNA,,,,1,27,1418.345235254893
0,gse73072_hrv_48_64_shedder48_64,WGCNA,,,,1,28,1916.9633586977957
0,gse73072_hrv_48_64_shedder48_64,WGCNA,,,,1,29,533.5518584349552
0,gse73072_hrv_48_64_shedder48_64,WGCNA,,,,1,30,1109.204033838489
0,gse73072_hrv_48_64_shedder48_64,WGCNA,,,,1,31,1675.1715249103881
0,gse73072_hrv_48_64_shedder48_64,WGCNA,,,,1,32,1554.0386480974562
0,gse73072_hrv_48_64_shedder48_64,WGCNA,,,,1,33,685.3097187342164
0,gse73072_hrv_48_64_shedder48_64,WGCNA,,,,1,34,2432.9585442736166
0,gse73072_hrv_48_64,WGCNA,,,,4,0,102.36382452086306
0,gse73072_hrv_48_64,WGCNA,,,,4,1,1047.1190541363594
0,gse73072_hrv_48_64,WGCNA,,,,4,2,323.2099984909672
0,gse73072_hrv_48_64,WGCNA,,,,4,3,167.36506823990555
0,gse73072_hrv_48_64,WGCNA,,,,4,4,20.05179451369767
0,gse73072_hrv_48_64,WGCNA,,,,4,5,60.040979377124806
0,gse73072_hrv_48_64,WGCNA,,,,4,6,1299.3366336134322
0,gse73072_hrv_48_64,WGCNA,,,,4,7,339.68203298835107
0,gse73072_hrv_48_64,WGCNA,,,,4,8,502.81888409583945
0,gse73072_hrv_48_64,WGCNA,,,,4,9,2004.4517546547493
0,gse73072_hrv_48_64,WGCNA,,,,4,10,3395.6653993404307
0,gse73072_hrv_48_64,WGCNA,,,,4,11,3041.159990972831
0,gse73072_hrv_48_64,WGCNA,,,,4,12,15304.110790108252
0,gse73072_hrv_48_64,WGCNA,,,,4,13,4475.010815372063
0,gse73072_hrv_48_64,WGCNA,,,,4,14,54.74130444558251
0,gse73072_hrv_48_64,WGCNA,,,,4,15,49.388729672482945
0,gse73072_hrv_48_64,WGCNA,,,,4,16,3698.597224359051
0,gse73072_hrv_48_64,WGCNA,,,,4,17,5.114594235712207
0,gse73072_hrv_48_64,WGCNA,,,,4,18,26.31432435778391
0,gse73072_hrv_48_64,WGCNA,,,,4,19,1430.0334083365863
0,gse73072_hrv_48_64,WGCNA,,,,4,20,1486.0770094269317
0,gse73072_hrv_48_64,WGCNA,,,,4,21,634.2192222132579
0,gse73072_hrv_48_64,WGCNA,,,,4,22,13.258523711320407
0,gse73072_hrv_48_64,WGCNA,,,,4,23,309.1818284293342
0,gse73072_hrv_48_64,WGCNA,,,,4,24,434.8095367613185
0,gse73072_hrv_48_64,WGCNA,,,,4,25,396.747451326986
0,gse73072_hrv_48_64,WGCNA,,,,4,26,822.8230699951108
0,gse73072_hrv_48_64,WGCNA,,,,4,27,246.77641769842944
0,gse73072_hrv_48_64,WGCNA,,,,4,28,43.910810031728374
0,gse73072_hrv_48_64,WGCNA,,,,4,29,198.8801246011144
0,gse73072_hrv_48_64,WGCNA,,,,4,30,1495.118024759452
0,gse73072_hrv_48_64,WGCNA,,,,4,31,101.49865999926972
0,gse73072_hrv_48_64,WGCNA,,,,4,32,89.45249129968181
0,gse73072_hrv_48_64,WGCNA,,,,4,33,332.02593645732554
0,gse73072_hrv_48_64,WGCNA,,,,4,34,380.8772279587701
0,gse73072_hrv_48_64,WGCNA,,,,4,35,242.85651515341524
0,gse73072_hrv_48_64,WGCNA,,,,4,36,568.7877390502794
0,gse73072_hrv_48_64,WGCNA,,,,4,37,725.0224122648011
0,gse73072_hrv_48_64,WGCNA,,,,0,0,166.5083634810212
0,gse73072_hrv_48_64,WGCNA,,,,0,1,5906.25412336426
0,gse73072_hrv_48_64,WGCNA,,,,0,2,225.34180063437086
0,gse73072_hrv_48_64,WGCNA,,,,0,3,2237.9923594809998
0,gse73072_hrv_48_64,WGCNA,,,,0,4,675.650818886293
0,gse73072_hrv_48_64,WGCNA,,,,0,5,76.03787558970882
0,gse73072_hrv_48_64,WGCNA,,,,0,6,146.9498256016723
0,gse73072_hrv_48_64,WGCNA,,,,0,7,416.09648489894295
0,gse73072_hrv_48_64,WGCNA,,,,0,8,393.37902599138545
0,gse73072_hrv_48_64,WGCNA,,,,0,9,2249.873793040186
0,gse73072_hrv_48_64,WGCNA,,,,0,10,891.3914182619043
0,gse73072_hrv_48_64,WGCNA,,,,0,11,342.47367520222815
0,gse73072_hrv_48_64,WGCNA,,,,0,12,1096.7325569078782
0,gse73072_hrv_48_64,WGCNA,,,,0,13,17440.62904938136
0,gse73072_hrv_48_64,WGCNA,,,,0,14,4380.230883779873
0,gse73072_hrv_48_64,WGCNA,,,,0,15,1333.2858511458555
0,gse73072_hrv_48_64,WGCNA,,,,0,16,16.218176167479157
0,gse73072_hrv_48_64,WGCNA,,,,0,17,811.0167432482308
0,gse73072_hrv_48_64,WGCNA,,,,0,18,1834.9777568908748
0,gse73072_hrv_48_64,WGCNA,,,,0,19,2382.549182126356
0,gse73072_hrv_48_64,WGCNA,,,,0,20,805.3510676505427
0,gse73072_hrv_48_64,WGCNA,,,,0,21,212.32023581908985
0,gse73072_hrv_48_64,WGCNA,,,,0,22,424.3481942267124
0,gse73072_hrv_48_64,WGCNA,,,,0,23,568.8967440479241
0,gse73072_hrv_48_64,WGCNA,,,,0,24,36.52564458346412
0,gse73072_hrv_48_64,WGCNA,,,,0,25,79.37323128761966
0,gse73072_hrv_48_64,WGCNA,,,,0,26,25.57661901696178
0,gse73072_hrv_48_64,WGCNA,,,,0,27,208.4118996071442
0,gse73072_hrv_48_64,WGCNA,,,,0,28,72.20604637089686
0,gse73072_hrv_48_64,WGCNA,,,,0,29,307.1554664533907
0,gse73072_hrv_48_64,WGCNA,,,,0,30,49.150124103718525
0,gse73072_hrv_48_64,WGCNA,,,,0,31,1269.1099544212195
0,gse73072_hrv_48_64,WGCNA,,,,0,32,97.14894929632842
0,gse73072_hrv_48_64,WGCNA,,,,0,33,1933.9267642438408
0,salmonella_Liver_tolerant,WGCNA,,,,2,0,624.7264707644175
0,salmonella_Liver_tolerant,WGCNA,,,,2,1,0.0
0,salmonella_Liver_tolerant,WGCNA,,,,2,2,1557.247236239479
0,salmonella_Liver_tolerant,WGCNA,,,,2,3,436.7123893351962
0,salmonella_Liver_tolerant,WGCNA,,,,2,4,0.0
0,salmonella_Liver_tolerant,WGCNA,,,,2,5,6757.7696128185235
0,salmonella_Liver_tolerant,WGCNA,,,,2,6,5989.814006380385
0,salmonella_Liver_tolerant,WGCNA,,,,2,7,879.8889233738939
0,salmonella_Liver_tolerant,WGCNA,,,,2,8,6.04904468206002
0,salmonella_Liver_tolerant,WGCNA,,,,2,9,83.3440849964911
0,salmonella_Liver_tolerant,WGCNA,,,,2,10,310.1983895971305
0,salmonella_Liver_tolerant,WGCNA,,,,2,11,19.03857814814782
0,salmonella_Liver_tolerant,WGCNA,,,,2,12,300.6221721882471
0,salmonella_Liver_tolerant,WGCNA,,,,2,13,0.0
0,salmonella_Liver_tolerant,WGCNA,,,,2,14,0.0
0,salmonella_Liver_tolerant,WGCNA,,,,2,15,21.246652465458343
0,salmonella_Liver_tolerant,WGCNA,,,,2,16,0.0
0,salmonella_Liver_tolerant,WGCNA,,,,2,17,4071.9467619345137
0,gse73072_hrv_48_64_shedder48_64,WGCNA,,,,2,0,91.246147693419
0,gse73072_hrv_48_64_shedder48_64,WGCNA,,,,2,1,75.46435988776727
0,gse73072_hrv_48_64_shedder48_64,WGCNA,,,,2,2,97.1748543617958
0,gse73072_hrv_48_64_shedder48_64,WGCNA,,,,2,3,376.75723843061854
0,gse73072_hrv_48_64_shedder48_64,WGCNA,,,,2,4,1005.9764524553995
0,gse73072_hrv_48_64_shedder48_64,WGCNA,,,,2,5,404.515906662774
0,gse73072_hrv_48_64_shedder48_64,WGCNA,,,,2,6,202.58849120966866
0,gse73072_hrv_48_64_shedder48_64,WGCNA,,,,2,7,236.49012329584315
0,gse73072_hrv_48_64_shedder48_64,WGCNA,,,,2,8,3315.858515242417
0,gse73072_hrv_48_64_shedder48_64,WGCNA,,,,2,9,8986.147320484331
0,gse73072_hrv_48_64_shedder48_64,WGCNA,,,,2,10,60.94623124720991
0,gse73072_hrv_48_64_shedder48_64,WGCNA,,,,2,11,7256.889979381853
0,gse73072_hrv_48_64_shedder48_64,WGCNA,,,,2,12,3877.902495497768
0,gse73072_hrv_48_64_shedder48_64,WGCNA,,,,2,13,978.8657299586963
0,gse73072_hrv_48_64_shedder48_64,WGCNA,,,,2,14,623.1572847760203
0,gse73072_hrv_48_64_shedder48_64,WGCNA,,,,2,15,1997.6638350340415
0,gse73072_hrv_48_64_shedder48_64,WGCNA,,,,2,16,246.2573146466647
0,gse73072_hrv_48_64_shedder48_64,WGCNA,,,,2,17,287.9750317714562
0,gse73072_hrv_48_64_shedder48_64,WGCNA,,,,2,18,5019.065166862214
0,gse73072_hrv_48_64_shedder48_64,WGCNA,,,,2,19,2572.627467390196
0,gse73072_hrv_48_64_shedder48_64,WGCNA,,,,2,20,553.3420361865637
0,gse73072_hrv_48_64_shedder48_64,WGCNA,,,,2,21,3.0301323025449993
0,gse73072_hrv_48_64_shedder48_64,WGCNA,,,,2,22,28.558224217258157
0,gse73072_hrv_48_64_shedder48_64,WGCNA,,,,2,23,173.23909208688076
0,gse73072_hrv_48_64_shedder48_64,WGCNA,,,,2,24,816.4062616312045
0,gse73072_hrv_48_64_shedder48_64,WGCNA,,,,2,25,98.09209866315645
0,gse73072_hrv_48_64_shedder48_64,WGCNA,,,,2,26,1052.376984063643
0,gse73072_hrv_48_64_shedder48_64,WGCNA,,,,2,27,1185.788296575282
0,gse73072_hrv_48_64_shedder48_64,WGCNA,,,,2,28,612.5211700763401
0,gse73072_hrv_48_64_shedder48_64,WGCNA,,,,2,29,986.0313422102174
0,salmonella_Liver_tolerant,WGCNA,,,,1,0,309.0070648479683
0,salmonella_Liver_tolerant,WGCNA,,,,1,1,0.0
0,salmonella_Liver_tolerant,WGCNA,,,,1,2,4528.289265718264
0,salmonella_Liver_tolerant,WGCNA,,,,1,3,430.3883803682592
0,salmonella_Liver_tolerant,WGCNA,,,,1,4,48.80755929415452
0,salmonella_Liver_tolerant,WGCNA,,,,1,5,5063.57778634558
0,salmonella_Liver_tolerant,WGCNA,,,,1,6,1339.3545989191061
0,salmonella_Liver_tolerant,WGCNA,,,,1,7,0.0
0,salmonella_Liver_tolerant,WGCNA,,,,1,8,0.0
0,salmonella_Liver_tolerant,WGCNA,,,,1,9,43.49741224759436
0,salmonella_Liver_tolerant,WGCNA,,,,1,10,0.0
0,salmonella_Liver_tolerant,WGCNA,,,,1,11,204.10292475772897
0,salmonella_Liver_tolerant,WGCNA,,,,1,12,0.0
0,salmonella_Liver_tolerant,WGCNA,,,,1,13,0.0
0,salmonella_Liver_tolerant,WGCNA,,,,1,14,77.34271118069525
0,salmonella_Liver_tolerant,WGCNA,,,,1,15,314.3781304752222
0,salmonella_Liver_tolerant,WGCNA,,,,1,16,3175.767203404476
0,salmonella_Liver_tolerant,WGCNA,,,,1,17,0.0
0,salmonella_Liver_tolerant,WGCNA,,,,1,18,270.76419361769894
0,salmonella_Liver_tolerant,WGCNA,,,,1,19,24.288741067079613
0,salmonella_Liver_tolerant,WGCNA,,,,1,20,216.6936285102098
0,salmonella_Liver_tolerant,WGCNA,,,,1,21,6.8514978742990404
0,salmonella_Liver,WGCNA,,,,3,0,2412.03042774249
0,salmonella_Liver,WGCNA,,,,3,1,359.65294330483414
0,salmonella_Liver,WGCNA,,,,3,2,8837.752343141208
0,salmonella_Liver,WGCNA,,,,3,3,682.444081515639
0,salmonella_Liver,WGCNA,,,,3,4,5044.501289027465
0,salmonella_Liver,WGCNA,,,,3,5,1621.9533628857766
0,salmonella_Liver,WGCNA,,,,3,6,1909.348657575763
0,salmonella_Liver,WGCNA,,,,3,7,1.6833364889417375
0,salmonella_Liver,WGCNA,,,,3,8,214.70298110233864
0,salmonella_Liver,WGCNA,,,,3,9,736.1088988484566
0,salmonella_Liver,WGCNA,,,,3,10,339.34930640455474
0,salmonella_Liver,WGCNA,,,,3,11,228.75455527137797
0,salmonella_Liver,WGCNA,,,,3,12,643.4199333800042
0,salmonella_Liver,WGCNA,,,,3,13,13.995336736760017
0,salmonella_Liver,WGCNA,,,,3,14,986.0755691207088
0,salmonella_Liver,WGCNA,,,,3,15,8.378087405874563
0,salmonella_Liver_tolerant,WGCNA,,,,3,0,2.166634138037516
0,salmonella_Liver_tolerant,WGCNA,,,,3,1,11.085700701005672
0,salmonella_Liver_tolerant,WGCNA,,,,3,2,1284.2447797043574
0,salmonella_Liver_tolerant,WGCNA,,,,3,3,376.0636485792412
0,salmonella_Liver_tolerant,WGCNA,,,,3,4,67.34938939033684
0,salmonella_Liver_tolerant,WGCNA,,,,3,5,0.0
0,salmonella_Liver_tolerant,WGCNA,,,,3,6,5891.882316912575
0,salmonella_Liver_tolerant,WGCNA,,,,3,7,7228.324961867462
0,salmonella_Liver_tolerant,WGCNA,,,,3,8,10.290319826094732
0,salmonella_Liver_tolerant,WGCNA,,,,3,9,5.6442205021815175
0,salmonella_Liver_tolerant,WGCNA,,,,3,10,7.339608395256484
0,salmonella_Liver_tolerant,WGCNA,,,,3,11,212.7529900704775
0,salmonella_Liver_tolerant,WGCNA,,,,3,12,210.9445222305017
0,salmonella_Liver_tolerant,WGCNA,,,,3,13,3371.4725664226867
0,salmonella_Liver_tolerant,WGCNA,,,,3,14,531.6261246653186
0,salmonella_Liver_tolerant,WGCNA,,,,3,15,0.0
0,salmonella_Liver_tolerant,WGCNA,,,,3,16,0.0
0,salmonella_Liver_tolerant,WGCNA,,,,3,17,1.5891547544261857
0,salmonella_Liver_tolerant,WGCNA,,,,3,18,0.0
0,salmonella_Liver_tolerant,WGCNA,,,,3,19,314.7999668621056
0,salmonella_Liver_tolerant,WGCNA,,,,3,20,17.93822795779572
0,salmonella_Liver_tolerant,WGCNA,,,,3,21,48.011887567737574
0,salmonella_Liver_tolerant,WGCNA,,,,3,22,217.73121463715844
0,salmonella_Liver_tolerant,WGCNA,,,,3,23,0.0
0,salmonella_Liver,WGCNA,,,,4,0,2970.3921439328196
0,salmonella_Liver,WGCNA,,,,4,1,1.969118361696645
0,salmonella_Liver,WGCNA,,,,4,2,5782.121636093096
0,salmonella_Liver,WGCNA,,,,4,3,3507.624207066269
0,salmonella_Liver,WGCNA,,,,4,4,665.8162150099246
0,salmonella_Liver,WGCNA,,,,4,5,4875.431986942976
0,salmonella_Liver,WGCNA,,,,4,6,2304.7245504347784
0,salmonella_Liver,WGCNA,,,,4,7,179.9337854492436
0,salmonella_Liver,WGCNA,,,,4,8,1025.6491925050746
0,salmonella_Liver,WGCNA,,,,4,9,360.4032387223725
0,salmonella_Liver,WGCNA,,,,4,10,16.726346770717
0,salmonella_Liver,WGCNA,,,,4,11,415.93430192957123
0,salmonella_Liver,WGCNA,,,,4,12,845.2710238844264
0,salmonella_Liver,WGCNA,,,,4,13,250.5214151520845
0,gse73072_hrv_48_64_control,WGCNA,,,,2,0,37509.03337901305
0,gse73072_hrv_48_64_control,WGCNA,,,,2,1,199.2573819429875
0,gse73072_hrv_48_64_control,WGCNA,,,,2,2,411.8600868741758
0,gse73072_hrv_48_64_control,WGCNA,,,,2,3,898.0300396787898
0,gse73072_hrv_48_64_control,WGCNA,,,,2,4,1831.5724202037163
0,gse73072_hrv_48_64_control,WGCNA,,,,2,5,2028.9712889001967
0,gse73072_hrv_48_64_control,WGCNA,,,,2,6,94.03080954395567
0,gse73072_hrv_48_64_control,WGCNA,,,,2,7,5010.093016529099
0,gse73072_hrv_48_64_control,WGCNA,,,,2,8,304.0922522829617
0,gse73072_hrv_48_64_control,WGCNA,,,,2,9,797.2329665314242
0,gse73072_hrv_48_64_control,WGCNA,,,,2,10,3686.132042024409
0,gse73072_hrv_48_64_control,WGCNA,,,,2,11,3315.7900166894433
0,salmonella_Liver_susceptible,WGCNA,,,,4,0,27.341776378694213
0,salmonella_Liver_susceptible,WGCNA,,,,4,1,0.0
0,salmonella_Liver_susceptible,WGCNA,,,,4,2,12.352756742978903
0,salmonella_Liver_susceptible,WGCNA,,,,4,3,54.61267787203466
0,salmonella_Liver_susceptible,WGCNA,,,,4,4,3.134508773150553
0,salmonella_Liver_susceptible,WGCNA,,,,4,5,633.9091723133811
0,salmonella_Liver_susceptible,WGCNA,,,,4,6,46.75839916162829
0,salmonella_Liver_susceptible,WGCNA,,,,4,7,73.022840010826
0,salmonella_Liver_susceptible,WGCNA,,,,4,8,6798.836274470275
0,salmonella_Liver_susceptible,WGCNA,,,,4,9,84.6264608546002
0,salmonella_Liver_susceptible,WGCNA,,,,4,10,836.6976741229631
0,salmonella_Liver_susceptible,WGCNA,,,,4,11,0.0
0,salmonella_Liver_susceptible,WGCNA,,,,4,12,3726.5086470180177
0,salmonella_Liver_susceptible,WGCNA,,,,4,13,498.30591810208534
0,salmonella_Liver_susceptible,WGCNA,,,,4,14,0.0
0,salmonella_Liver_susceptible,WGCNA,,,,4,15,0.0
0,salmonella_Liver_susceptible,WGCNA,,,,4,16,6.722069848691753
0,salmonella_Liver_susceptible,WGCNA,,,,4,17,19.595354021984463
0,salmonella_Liver_susceptible,WGCNA,,,,4,18,1175.9509270249744
0,salmonella_Liver_susceptible,WGCNA,,,,4,19,0.0
0,salmonella_Liver_susceptible,WGCNA,,,,4,20,4.888553103849
0,salmonella_Liver_susceptible,WGCNA,,,,4,21,0.0
0,salmonella_Liver_susceptible,WGCNA,,,,4,22,76.80339077863475
0,salmonella_Liver_susceptible,WGCNA,,,,4,23,425.66929780228566
0,salmonella_Liver_susceptible,WGCNA,,,,4,24,124.58844717655856
0,salmonella_Liver_susceptible,WGCNA,,,,4,25,22.30676954167879
0,salmonella_Liver_susceptible,WGCNA,,,,4,26,117.61591835648746
0,salmonella_Liver_susceptible,WGCNA,,,,4,27,8.10634694825665
0,salmonella_Liver_susceptible,WGCNA,,,,4,28,32.10011726980163
0,salmonella_Liver_tolerant,WGCNA,,,,0,0,0.0
0,salmonella_Liver_tolerant,WGCNA,,,,0,1,3.59252819978306
0,salmonella_Liver_tolerant,WGCNA,,,,0,2,899.8616708034039
0,salmonella_Liver_tolerant,WGCNA,,,,0,3,364.6780896063406
0,salmonella_Liver_tolerant,WGCNA,,,,0,4,3.136833042463688
0,salmonella_Liver_tolerant,WGCNA,,,,0,5,7657.6458524736145
0,salmonella_Liver_tolerant,WGCNA,,,,0,6,6451.010185056954
0,salmonella_Liver_tolerant,WGCNA,,,,0,7,0.0
0,salmonella_Liver_tolerant,WGCNA,,,,0,8,65.04210262370334
0,salmonella_Liver_tolerant,WGCNA,,,,0,9,0.0
0,salmonella_Liver_tolerant,WGCNA,,,,0,10,0.0
0,salmonella_Liver_tolerant,WGCNA,,,,0,11,139.96213611512997
0,salmonella_Liver_tolerant,WGCNA,,,,0,12,3220.3830771131757
0,salmonella_Liver_tolerant,WGCNA,,,,0,13,1.3114011167171666
0,salmonella_Liver_tolerant,WGCNA,,,,0,14,588.7064756367055
0,salmonella_Liver_tolerant,WGCNA,,,,0,15,0.0
0,salmonella_Liver_tolerant,WGCNA,,,,0,16,16.286413478006804
0,salmonella_Liver_tolerant,WGCNA,,,,0,17,183.3040982188763
0,gse73072_hrv_48_64_shedder48_64,WGCNA,,,,4,0,270.1327265560107
0,gse73072_hrv_48_64_shedder48_64,WGCNA,,,,4,1,52.88576882194566
0,gse73072_hrv_48_64_shedder48_64,WGCNA,,,,4,2,541.3734299978175
0,gse73072_hrv_48_64_shedder48_64,WGCNA,,,,4,3,13.775828931752665
0,gse73072_hrv_48_64_shedder48_64,WGCNA,,,,4,4,193.80966435982657
0,gse73072_hrv_48_64_shedder48_64,WGCNA,,,,4,5,619.3357575734879
0,gse73072_hrv_48_64_shedder48_64,WGCNA,,,,4,6,3223.7848830638613
0,gse73072_hrv_48_64_shedder48_64,WGCNA,,,,4,7,580.8296787524357
0,gse73072_hrv_48_64_shedder48_64,WGCNA,,,,4,8,16.565605449747917
0,gse73072_hrv_48_64_shedder48_64,WGCNA,,,,4,9,17.80568991514957
0,gse73072_hrv_48_64_shedder48_64,WGCNA,,,,4,10,4259.29430102077
0,gse73072_hrv_48_64_shedder48_64,WGCNA,,,,4,11,3741.447830243572
0,gse73072_hrv_48_64_shedder48_64,WGCNA,,,,4,12,224.5644119868192
0,gse73072_hrv_48_64_shedder48_64,WGCNA,,,,4,13,4622.098715019154
0,gse73072_hrv_48_64_shedder48_64,WGCNA,,,,4,14,436.06651927660613
0,gse73072_hrv_48_64_shedder48_64,WGCNA,,,,4,15,8590.877595717788
0,gse73072_hrv_48_64_shedder48_64,WGCNA,,,,4,16,2953.6939781887513
0,gse73072_hrv_48_64_shedder48_64,WGCNA,,,,4,17,274.81653532003486
0,gse73072_hrv_48_64_shedder48_64,WGCNA,,,,4,18,127.22005047940075
0,gse73072_hrv_48_64_shedder48_64,WGCNA,,,,4,19,1117.8761033790838
0,gse73072_hrv_48_64_shedder48_64,WGCNA,,,,4,20,7.049727137818804
0,gse73072_hrv_48_64_shedder48_64,WGCNA,,,,4,21,1989.7016843896433
0,gse73072_hrv_48_64_shedder48_64,WGCNA,,,,4,22,1539.104244149901
0,gse73072_hrv_48_64_shedder48_64,WGCNA,,,,4,23,843.7204566363773
0,gse73072_hrv_48_64_shedder48_64,WGCNA,,,,4,24,534.6331712079943
0,gse73072_hrv_48_64_shedder48_64,WGCNA,,,,4,25,1022.5676535343728
0,gse73072_hrv_48_64_shedder48_64,WGCNA,,,,4,26,1.3940011630017524
0,gse73072_hrv_48_64_shedder48_64,WGCNA,,,,4,27,67.09360026948102
0,gse73072_hrv_48_64_shedder48_64,WGCNA,,,,4,28,112.77448220705361
0,gse73072_hrv_48_64_shedder48_64,WGCNA,,,,4,29,2602.0238457256028
0,gse73072_hrv_48_64_shedder48_64,WGCNA,,,,4,30,426.34255415637665
0,gse73072_hrv_48_64_shedder48_64,WGCNA,,,,4,31,581.3241435666627
0,gse73072_hrv_48_64_shedder48_64,WGCNA,,,,4,32,314.56143241446273
0,gse73072_hrv_48_64_shedder48_64,WGCNA,,,,4,33,755.0169658255054
0,gse73072_hrv_48_64_shedder48_64,WGCNA,,,,4,34,1396.044756753296
0,gse73072_hrv_48_64_shedder48_64,WGCNA,,,,4,35,131.0547724683108
0,salmonella_Liver_susceptible,WGCNA,,,,1,0,20.960035473386476
0,salmonella_Liver_susceptible,WGCNA,,,,1,1,92.82766798455155
0,salmonella_Liver_susceptible,WGCNA,,,,1,2,4.219601438504319
0,salmonella_Liver_susceptible,WGCNA,,,,1,3,129.19983353631227
0,salmonella_Liver_susceptible,WGCNA,,,,1,4,5.914511050138207
0,salmonella_Liver_susceptible,WGCNA,,,,1,5,170.2995748448452
0,salmonella_Liver_susceptible,WGCNA,,,,1,6,0.0
0,salmonella_Liver_susceptible,WGCNA,,,,1,7,274.982328285386
0,salmonella_Liver_susceptible,WGCNA,,,,1,8,188.41096095652102
0,salmonella_Liver_susceptible,WGCNA,,,,1,9,3050.2350374655925
0,salmonella_Liver_susceptible,WGCNA,,,,1,10,191.34390038378015
0,salmonella_Liver_susceptible,WGCNA,,,,1,11,5716.694535656488
0,salmonella_Liver_susceptible,WGCNA,,,,1,12,380.42882459008524
0,salmonella_Liver_susceptible,WGCNA,,,,1,13,1455.7698074107016
0,salmonella_Liver_susceptible,WGCNA,,,,1,14,140.8588062186997
0,salmonella_Liver_susceptible,WGCNA,,,,1,15,9.377995954522042
0,salmonella_Liver_susceptible,WGCNA,,,,1,16,604.1801259721929
0,salmonella_Liver_susceptible,WGCNA,,,,1,17,12.025697331919346
0,salmonella_Liver_susceptible,WGCNA,,,,1,18,0.0
0,salmonella_Liver_susceptible,WGCNA,,,,1,19,54.02980332678446
0,salmonella_Liver_susceptible,WGCNA,,,,1,20,3.039022326202619
0,salmonella_Liver_susceptible,WGCNA,,,,1,21,3.5471693824520836
0,salmonella_Liver_susceptible,WGCNA,,,,1,22,42.86672938317125
0,salmonella_Liver_susceptible,WGCNA,,,,1,23,39.018863351477265
0,salmonella_Liver_susceptible,WGCNA,,,,1,24,0.0
0,salmonella_Liver_susceptible,WGCNA,,,,1,25,0.0
0,salmonella_Liver_susceptible,WGCNA,,,,1,26,669.7490282664563
0,salmonella_Liver_susceptible,WGCNA,,,,1,27,1.813802636486514
0,salmonella_Liver_susceptible,WGCNA,,,,1,28,1.553879594795904
0,salmonella_Liver_susceptible,WGCNA,,,,1,29,22.823715754577005
0,salmonella_Liver_susceptible,WGCNA,,,,1,30,3.29603521368945
0,salmonella_Liver_susceptible,WGCNA,,,,1,31,929.1712457850565
0,salmonella_Liver_susceptible,WGCNA,,,,1,32,5.679911859820323
0,salmonella_Liver,WGCNA,,,,0,0,685.5838511489864
0,salmonella_Liver,WGCNA,,,,0,1,3.391892384605012
0,salmonella_Liver,WGCNA,,,,0,2,1.6093006565538104
0,salmonella_Liver,WGCNA,,,,0,3,494.84809618689343
0,salmonella_Liver,WGCNA,,,,0,4,4079.518440345044
0,salmonella_Liver,WGCNA,,,,0,5,0.0
0,salmonella_Liver,WGCNA,,,,0,6,1.4097192076305156
0,salmonella_Liver,WGCNA,,,,0,7,1553.7900341077802
0,salmonella_Liver,WGCNA,,,,0,8,3788.5389035527846
0,salmonella_Liver,WGCNA,,,,0,9,535.0958013731312
0,salmonella_Liver,WGCNA,,,,0,10,380.9928154651151
0,salmonella_Liver,WGCNA,,,,0,11,130.72283974776212
0,salmonella_Liver,WGCNA,,,,0,12,820.9281076391028
0,salmonella_Liver,WGCNA,,,,0,13,1735.358837528588
0,salmonella_Liver,WGCNA,,,,0,14,0.0
0,salmonella_Liver,WGCNA,,,,0,15,68.3891574512139
0,salmonella_Liver,WGCNA,,,,0,16,0.0
0,salmonella_Liver,WGCNA,,,,0,17,423.72829654261454
0,salmonella_Liver,WGCNA,,,,0,18,4.565927141437378
0,salmonella_Liver,WGCNA,,,,0,19,8.543521979445794
0,salmonella_Liver,WGCNA,,,,0,20,3356.5233936379645
0,salmonella_Liver,WGCNA,,,,0,21,802.2738780044076
0,salmonella_Liver,WGCNA,,,,0,22,0.0
0,salmonella_Liver,WGCNA,,,,0,23,715.8361910970632
0,gse73072_hrv_48_64_control,WGCNA,,,,4,0,123.96579909603923
0,gse73072_hrv_48_64_control,WGCNA,,,,4,1,3631.481170036157
0,gse73072_hrv_48_64_control,WGCNA,,,,4,2,55.84821637050977
0,gse73072_hrv_48_64_control,WGCNA,,,,4,3,820.0496040345474
0,gse73072_hrv_48_64_control,WGCNA,,,,4,4,102.4850556736479
0,gse73072_hrv_48_64_control,WGCNA,,,,4,5,188.81736646613905
0,gse73072_hrv_48_64_control,WGCNA,,,,4,6,1347.6115663779542
0,gse73072_hrv_48_64_control,WGCNA,,,,4,7,7505.799254068413
0,gse73072_hrv_48_64_control,WGCNA,,,,4,8,405.9148617555476
0,gse73072_hrv_48_64_control,WGCNA,,,,4,9,13120.562356838585
0,gse73072_hrv_48_64_control,WGCNA,,,,4,10,5562.555050111179
0,gse73072_hrv_48_64_control,WGCNA,,,,4,11,70.9582685802781
0,gse73072_hrv_48_64_control,WGCNA,,,,4,12,801.9785106006907
0,gse73072_hrv_48_64_control,WGCNA,,,,4,13,1882.0659923604194
0,gse73072_hrv_48_64_control,WGCNA,,,,4,14,1010.5714067800806
0,gse73072_hrv_48_64_control,WGCNA,,,,4,15,1202.4029236957854
0,gse73072_hrv_48_64_control,WGCNA,,,,4,16,282.93994489936773
0,gse73072_hrv_48_64_control,WGCNA,,,,4,17,74.50693375813634
0,gse73072_hrv_48_64_control,WGCNA,,,,4,18,1.4270613221682769
0,gse73072_hrv_48_64_control,WGCNA,,,,4,19,2.2613758915420012
0,gse73072_hrv_48_64_control,WGCNA,,,,4,20,0.0
0,gse73072_hrv_48_64_control,WGCNA,,,,4,21,98.24409977321687
0,gse73072_hrv_48_64_control,WGCNA,,,,4,22,584.6723293231828
0,gse73072_hrv_48_64_control,WGCNA,,,,4,23,322.7554274234604
0,gse73072_hrv_48_64_control,WGCNA,,,,4,24,86.41336919430714
0,gse73072_hrv_48_64_control,WGCNA,,,,4,25,2600.762678011957
0,gse73072_hrv_48_64_control,WGCNA,,,,4,26,1085.1760576391596
0,gse73072_hrv_48_64_control,WGCNA,,,,4,27,136.81461102967103
0,gse73072_hrv_48_64_control,WGCNA,,,,4,28,121.38115862800655
0,gse73072_hrv_48_64_control,WGCNA,,,,4,29,25.7028413615154
0,gse73072_hrv_48_64_control,WGCNA,,,,4,30,1695.117359810859
0,gse73072_hrv_48_64_control,WGCNA,,,,4,31,1834.4070749751731
0,gse73072_hrv_48_64_control,WGCNA,,,,4,32,1284.989070034495
0,salmonella_Liver_susceptible,WGCNA,,,,2,0,9.686264574577967
0,salmonella_Liver_susceptible,WGCNA,,,,2,1,1314.9026623823338
0,salmonella_Liver_susceptible,WGCNA,,,,2,2,1.4260712212383717
0,salmonella_Liver_susceptible,WGCNA,,,,2,3,1.3206499117289228
0,salmonella_Liver_susceptible,WGCNA,,,,2,4,117.93823825165981
0,salmonella_Liver_susceptible,WGCNA,,,,2,5,23.754313169733212
0,salmonella_Liver_susceptible,WGCNA,,,,2,6,91.92106719820549
0,salmonella_Liver_susceptible,WGCNA,,,,2,7,148.75745397322476
0,salmonella_Liver_susceptible,WGCNA,,,,2,8,4.7335940594390005
0,salmonella_Liver_susceptible,WGCNA,,,,2,9,151.41372012578825
0,salmonella_Liver_susceptible,WGCNA,,,,2,10,369.01018907956274
0,salmonella_Liver_susceptible,WGCNA,,,,2,11,541.5702023603721
0,salmonella_Liver_susceptible,WGCNA,,,,2,12,5.6931892063736935
0,salmonella_Liver_susceptible,WGCNA,,,,2,13,621.3690472520633
0,salmonella_Liver_susceptible,WGCNA,,,,2,14,3.290111855195461
0,salmonella_Liver_susceptible,WGCNA,,,,2,15,2834.6331003919704
0,salmonella_Liver_susceptible,WGCNA,,,,2,16,476.32433474029557
0,salmonella_Liver_susceptible,WGCNA,,,,2,17,5.59060805714455
0,salmonella_Liver_susceptible,WGCNA,,,,2,18,2657.084825996965
0,salmonella_Liver_susceptible,WGCNA,,,,2,19,0.0
0,salmonella_Liver_susceptible,WGCNA,,,,2,20,1010.8995351104614
0,salmonella_Liver_susceptible,WGCNA,,,,2,21,5.672328788555061
0,salmonella_Liver_susceptible,WGCNA,,,,2,22,10.05213146543836
0,salmonella_Liver_susceptible,WGCNA,,,,2,23,196.09010205185191
0,salmonella_Liver_susceptible,WGCNA,,,,2,24,9.24215692820745
0,salmonella_Liver_susceptible,WGCNA,,,,2,25,3040.763607247686
0,salmonella_Liver_susceptible,WGCNA,,,,2,26,179.437602940596
0,salmonella_Liver_susceptible,WGCNA,,,,2,27,37.375769022743164
0,salmonella_Liver_susceptible,WGCNA,,,,2,28,0.0
0,salmonella_Liver_susceptible,WGCNA,,,,2,29,391.661903641212
0,gse73072_hrv_48_64_shedder48_64,WGCNA,,,,0,0,157.80776579307022
0,gse73072_hrv_48_64_shedder48_64,WGCNA,,,,0,1,1824.0925306863185
0,gse73072_hrv_48_64_shedder48_64,WGCNA,,,,0,2,359.1202771125841
0,gse73072_hrv_48_64_shedder48_64,WGCNA,,,,0,3,0.0
0,gse73072_hrv_48_64_shedder48_64,WGCNA,,,,0,4,147.7320542450883
0,gse73072_hrv_48_64_shedder48_64,WGCNA,,,,0,5,314.8868107997689
0,gse73072_hrv_48_64_shedder48_64,WGCNA,,,,0,6,1047.8959227406126
0,gse73072_hrv_48_64_shedder48_64,WGCNA,,,,0,7,356.410131600478
0,gse73072_hrv_48_64_shedder48_64,WGCNA,,,,0,8,1584.6527916392988
0,gse73072_hrv_48_64_shedder48_64,WGCNA,,,,0,9,2.8515251573312796
0,gse73072_hrv_48_64_shedder48_64,WGCNA,,,,0,10,974.6530127091836
0,gse73072_hrv_48_64_shedder48_64,WGCNA,,,,0,11,11268.116867677236
0,gse73072_hrv_48_64_shedder48_64,WGCNA,,,,0,12,3670.4329725824246
0,gse73072_hrv_48_64_shedder48_64,WGCNA,,,,0,13,209.8814864995539
0,gse73072_hrv_48_64_shedder48_64,WGCNA,,,,0,14,268.92005834545614
0,gse73072_hrv_48_64_shedder48_64,WGCNA,,,,0,15,728.2274488127052
0,gse73072_hrv_48_64_shedder48_64,WGCNA,,,,0,16,1115.8005322655938
0,gse73072_hrv_48_64_shedder48_64,WGCNA,,,,0,17,307.5668337014377
0,gse73072_hrv_48_64_shedder48_64,WGCNA,,,,0,18,113.05736024795418
0,gse73072_hrv_48_64_shedder48_64,WGCNA,,,,0,19,129.9960191767267
0,gse73072_hrv_48_64_shedder48_64,WGCNA,,,,0,20,2041.412398256461
0,gse73072_hrv_48_64_shedder48_64,WGCNA,,,,0,21,636.9803501120585
0,gse73072_hrv_48_64_shedder48_64,WGCNA,,,,0,22,29.286775446732467
0,gse73072_hrv_48_64_shedder48_64,WGCNA,,,,0,23,1998.1936396168949
0,gse73072_hrv_48_64_shedder48_64,WGCNA,,,,0,24,474.0950398348716
0,gse73072_hrv_48_64_shedder48_64,WGCNA,,,,0,25,607.2249625757487
0,gse73072_hrv_48_64_shedder48_64,WGCNA,,,,0,26,6370.4375058194055
0,gse73072_hrv_48_64_shedder48_64,WGCNA,,,,0,27,46.76899260323043
0,gse73072_hrv_48_64_shedder48_64,WGCNA,,,,0,28,3718.780290758263
0,gse73072_hrv_48_64_shedder48_64,WGCNA,,,,0,29,703.0745283653952
0,gse73072_hrv_48_64_shedder48_64,WGCNA,,,,0,30,32.19698988228367
0,gse73072_hrv_48_64_shedder48_64,WGCNA,,,,0,31,3159.940517745912
0,gse73072_hrv_48_64_shedder48_64,WGCNA,,,,0,32,1140.3260992132455
0,gse73072_hrv_48_64_shedder48_64,WGCNA,,,,0,33,98.51169543794376
0,gse73072_hrv_48_64_shedder48_64,WGCNA,,,,0,34,28.92316130540138
