,Relative Gain,Fold,Prototype,Data Dimension,Center Dimension,Data Set
0,-0.022776133920576758,0,eigengene,1,1,ebola_Liver
1,-4.999750012513182e-05,1,eigengene,1,1,ebola_Liver
2,-0.026975470551585667,2,eigengene,1,1,ebola_Liver
3,0.052576180201042044,3,eigengene,1,1,ebola_Liver
4,-4.999750012513182e-05,4,eigengene,1,1,ebola_Liver
5,-0.022776133920576758,0,flag_mean,1,1,ebola_Liver
6,-4.999750012513182e-05,1,flag_mean,1,1,ebola_Liver
7,0.03840562431253702,2,flag_mean,1,1,ebola_Liver
8,0.026261775696015954,3,flag_mean,1,1,ebola_Liver
9,-4.999750012513182e-05,4,flag_mean,1,1,ebola_Liver
10,-0.022776133920576758,0,flag_median,1,1,ebola_Liver
11,-4.999750012513182e-05,1,flag_median,1,1,ebola_Liver
12,0.03840562431253702,2,flag_median,1,1,ebola_Liver
13,0.026261775696015954,3,flag_median,1,1,ebola_Liver
14,-4.999750012513182e-05,4,flag_median,1,1,ebola_Liver
15,-4.999750012513182e-05,0,module_expression,1,1,ebola_Liver
16,-4.999750012513182e-05,1,module_expression,1,1,ebola_Liver
17,0.011483997015545366,2,module_expression,1,1,ebola_Liver
18,0.026261775696015954,3,module_expression,1,1,ebola_Liver
19,-4.999750012513182e-05,4,module_expression,1,1,ebola_Liver
20,-0.022776133920576758,0,eigengene,1,2,ebola_Liver
21,-4.999750012513182e-05,1,eigengene,1,2,ebola_Liver
22,0.011483997015545366,2,eigengene,1,2,ebola_Liver
23,0.026261775696015954,3,eigengene,1,2,ebola_Liver
24,-4.999750012513182e-05,4,eigengene,1,2,ebola_Liver
25,-4.999750012513182e-05,0,flag_mean,1,2,ebola_Liver
26,-0.022776133920576758,1,flag_mean,1,2,ebola_Liver
27,-0.01543763028144629,2,flag_mean,1,2,ebola_Liver
28,-0.011330230739735492,3,flag_mean,1,2,ebola_Liver
29,-4.999750012513182e-05,0,flag_median,1,2,ebola_Liver
30,-0.022776133920576758,1,flag_median,1,2,ebola_Liver
31,0.011483997015545366,2,flag_median,1,2,ebola_Liver
32,0.052576180201042044,3,flag_median,1,2,ebola_Liver
33,-4.999750012513182e-05,4,flag_median,1,2,ebola_Liver
34,-0.022776133920576758,0,eigengene,1,4,ebola_Liver
35,-4.999750012513182e-05,1,eigengene,1,4,ebola_Liver
36,0.011483997015545366,2,eigengene,1,4,ebola_Liver
37,0.052576180201042044,3,eigengene,1,4,ebola_Liver
38,-4.999750012513182e-05,4,eigengene,1,4,ebola_Liver
39,-4.999750012513182e-05,0,flag_mean,1,4,ebola_Liver
40,-4.999750012513182e-05,1,flag_mean,1,4,ebola_Liver
41,0.03840562431253702,2,flag_mean,1,4,ebola_Liver
42,-0.025048747562621987,4,flag_mean,1,4,ebola_Liver
43,-0.045502270341028495,0,flag_median,1,4,ebola_Liver
44,-4.999750012513182e-05,1,flag_median,1,4,ebola_Liver
45,0.026261775696015954,3,flag_median,1,4,ebola_Liver
46,-0.025048747562621987,4,flag_median,1,4,ebola_Liver
47,-4.999750012513182e-05,0,eigengene,1,8,ebola_Liver
48,-4.999750012513182e-05,1,eigengene,1,8,ebola_Liver
49,0.011483997015545366,2,eigengene,1,8,ebola_Liver
50,0.052576180201042044,3,eigengene,1,8,ebola_Liver
51,-0.025048747562621987,4,eigengene,1,8,ebola_Liver
52,-0.022776133920576758,0,flag_mean,1,8,ebola_Liver
53,-4.999750012513182e-05,1,flag_mean,1,8,ebola_Liver
54,0.011483997015545366,2,flag_mean,1,8,ebola_Liver
55,0.026261775696015954,3,flag_mean,1,8,ebola_Liver
56,-0.025048747562621987,4,flag_mean,1,8,ebola_Liver
57,-4.999750012513182e-05,0,flag_median,1,8,ebola_Liver
58,-4.999750012513182e-05,1,flag_median,1,8,ebola_Liver
59,-0.026975470551585667,2,flag_median,1,8,ebola_Liver
60,-4.999750012513182e-05,4,flag_median,1,8,ebola_Liver
61,-0.022776133920576758,0,flag_mean,2,1,ebola_Liver
62,-4.999750012513182e-05,1,flag_mean,2,1,ebola_Liver
63,0.03840562431253702,2,flag_mean,2,1,ebola_Liver
64,0.026261775696015954,3,flag_mean,2,1,ebola_Liver
65,-4.999750012513182e-05,4,flag_mean,2,1,ebola_Liver
66,-0.022776133920576758,0,flag_median,2,1,ebola_Liver
67,-4.999750012513182e-05,1,flag_median,2,1,ebola_Liver
68,0.03840562431253702,2,flag_median,2,1,ebola_Liver
69,0.026261775696015954,3,flag_median,2,1,ebola_Liver
70,-4.999750012513182e-05,4,flag_median,2,1,ebola_Liver
71,-0.022776133920576758,0,flag_mean,2,2,ebola_Liver
72,-4.999750012513182e-05,1,flag_mean,2,2,ebola_Liver
73,0.011483997015545366,2,flag_mean,2,2,ebola_Liver
74,0.026261775696015954,3,flag_mean,2,2,ebola_Liver
75,-4.999750012513182e-05,4,flag_mean,2,2,ebola_Liver
76,-0.022776133920576758,0,flag_median,2,2,ebola_Liver
77,-4.999750012513182e-05,1,flag_median,2,2,ebola_Liver
78,0.011483997015545366,2,flag_median,2,2,ebola_Liver
79,0.052576180201042044,3,flag_median,2,2,ebola_Liver
80,-4.999750012513182e-05,4,flag_median,2,2,ebola_Liver
81,-0.022776133920576758,0,flag_mean,2,4,ebola_Liver
82,-4.999750012513182e-05,1,flag_mean,2,4,ebola_Liver
83,-0.015437630281446402,2,flag_mean,2,4,ebola_Liver
84,0.052576180201042044,3,flag_mean,2,4,ebola_Liver
85,-4.999750012513182e-05,4,flag_mean,2,4,ebola_Liver
86,-0.022776133920576758,0,flag_median,2,4,ebola_Liver
87,-4.999750012513182e-05,1,flag_median,2,4,ebola_Liver
88,-0.015437630281446402,2,flag_median,2,4,ebola_Liver
89,0.052576180201042044,3,flag_median,2,4,ebola_Liver
90,-4.999750012513182e-05,4,flag_median,2,4,ebola_Liver
91,-4.999750012513182e-05,0,flag_mean,2,8,ebola_Liver
92,-4.999750012513182e-05,1,flag_mean,2,8,ebola_Liver
93,-5.3843254594010403e-05,2,flag_mean,2,8,ebola_Liver
94,-5.2628809010024646e-05,3,flag_mean,2,8,ebola_Liver
95,-4.999750012513182e-05,4,flag_mean,2,8,ebola_Liver
96,-4.999750012513182e-05,0,flag_median,2,8,ebola_Liver
97,-5.3843254594010403e-05,2,flag_median,2,8,ebola_Liver
98,0.052576180201042044,3,flag_median,2,8,ebola_Liver
99,-4.999750012513182e-05,4,flag_median,2,8,ebola_Liver
100,0.02320346400881812,0,eigengene,1,1,ebola_Liver_Lethal
101,-4.999750012513182e-05,1,eigengene,1,1,ebola_Liver_Lethal
102,-0.03807401887352002,2,eigengene,1,1,ebola_Liver_Lethal
103,0.026261775696015954,3,eigengene,1,1,ebola_Liver_Lethal
104,-4.999750012513182e-05,4,eigengene,1,1,ebola_Liver_Lethal
105,-5.116017320039301e-05,0,flag_mean,1,1,ebola_Liver_Lethal
106,-4.999750012513182e-05,1,flag_mean,1,1,ebola_Liver_Lethal
107,-0.011459466036028432,2,flag_mean,1,1,ebola_Liver_Lethal
108,-5.2628809010024646e-05,3,flag_mean,1,1,ebola_Liver_Lethal
109,-4.999750012513182e-05,4,flag_mean,1,1,ebola_Liver_Lethal
110,-5.116017320039301e-05,0,flag_median,1,1,ebola_Liver_Lethal
111,-4.999750012513182e-05,1,flag_median,1,1,ebola_Liver_Lethal
112,-0.011459466036028432,2,flag_median,1,1,ebola_Liver_Lethal
113,-5.2628809010024646e-05,3,flag_median,1,1,ebola_Liver_Lethal
114,-4.999750012513182e-05,4,flag_median,1,1,ebola_Liver_Lethal
115,0.02320346400881812,0,module_expression,1,1,ebola_Liver_Lethal
116,-0.022776133920576758,1,module_expression,1,1,ebola_Liver_Lethal
117,-5.3229105674956756e-05,2,module_expression,1,1,ebola_Liver_Lethal
118,0.026261775696015954,3,module_expression,1,1,ebola_Liver_Lethal
119,-4.999750012513182e-05,4,module_expression,1,1,ebola_Liver_Lethal
120,0.02320346400881812,0,eigengene,1,2,ebola_Liver_Lethal
121,-4.999750012513182e-05,1,eigengene,1,2,ebola_Liver_Lethal
122,0.026561323731816522,2,eigengene,1,2,ebola_Liver_Lethal
123,0.026261775696015954,3,eigengene,1,2,ebola_Liver_Lethal
124,-4.999750012513182e-05,4,eigengene,1,2,ebola_Liver_Lethal
125,0.02320346400881812,0,flag_mean,1,2,ebola_Liver_Lethal
126,-0.022776133920576758,1,flag_mean,1,2,ebola_Liver_Lethal
127,-0.03807401887352002,2,flag_mean,1,2,ebola_Liver_Lethal
128,0.026261775696015954,3,flag_mean,1,2,ebola_Liver_Lethal
129,-4.999750012513182e-05,4,flag_mean,1,2,ebola_Liver_Lethal
130,0.02320346400881812,0,flag_median,1,2,ebola_Liver_Lethal
131,-4.999750012513182e-05,1,flag_median,1,2,ebola_Liver_Lethal
132,-0.03807401887352002,2,flag_median,1,2,ebola_Liver_Lethal
133,-4.999750012513182e-05,4,flag_median,1,2,ebola_Liver_Lethal
134,0.02320346400881812,0,eigengene,1,4,ebola_Liver_Lethal
135,-4.999750012513182e-05,1,eigengene,1,4,ebola_Liver_Lethal
136,-5.3229105674956756e-05,2,eigengene,1,4,ebola_Liver_Lethal
137,0.026261775696015954,3,eigengene,1,4,ebola_Liver_Lethal
138,-4.999750012513182e-05,4,eigengene,1,4,ebola_Liver_Lethal
139,0.02320346400881812,0,flag_mean,1,4,ebola_Liver_Lethal
140,-4.999750012513182e-05,1,flag_mean,1,4,ebola_Liver_Lethal
141,0.026561323731816522,2,flag_mean,1,4,ebola_Liver_Lethal
142,0.026261775696015954,3,flag_mean,1,4,ebola_Liver_Lethal
143,-4.999750012513182e-05,4,flag_mean,1,4,ebola_Liver_Lethal
144,0.02320346400881812,0,flag_median,1,4,ebola_Liver_Lethal
145,-4.999750012513182e-05,1,flag_median,1,4,ebola_Liver_Lethal
146,0.026561323731816522,2,flag_median,1,4,ebola_Liver_Lethal
147,0.052576180201042044,3,flag_median,1,4,ebola_Liver_Lethal
148,-4.999750012513182e-05,4,flag_median,1,4,ebola_Liver_Lethal
149,0.02320346400881812,0,eigengene,1,8,ebola_Liver_Lethal
150,-4.999750012513182e-05,1,eigengene,1,8,ebola_Liver_Lethal
151,-5.3229105674956756e-05,2,eigengene,1,8,ebola_Liver_Lethal
152,0.026261775696015954,3,eigengene,1,8,ebola_Liver_Lethal
153,-4.999750012513182e-05,4,eigengene,1,8,ebola_Liver_Lethal
154,0.02320346400881812,0,flag_mean,1,8,ebola_Liver_Lethal
155,-4.999750012513182e-05,1,flag_mean,1,8,ebola_Liver_Lethal
156,0.026561323731816522,2,flag_mean,1,8,ebola_Liver_Lethal
157,-5.2628809010024646e-05,3,flag_mean,1,8,ebola_Liver_Lethal
158,-0.025048747562621987,4,flag_mean,1,8,ebola_Liver_Lethal
159,0.02320346400881812,0,flag_median,1,8,ebola_Liver_Lethal
160,-4.999750012513182e-05,1,flag_median,1,8,ebola_Liver_Lethal
161,-0.011459466036028432,2,flag_median,1,8,ebola_Liver_Lethal
162,-5.2628809010024646e-05,3,flag_median,1,8,ebola_Liver_Lethal
163,-4.999750012513182e-05,4,flag_median,1,8,ebola_Liver_Lethal
164,-5.116017320039301e-05,0,flag_mean,2,1,ebola_Liver_Lethal
165,-4.999750012513182e-05,1,flag_mean,2,1,ebola_Liver_Lethal
166,-0.011459466036028432,2,flag_mean,2,1,ebola_Liver_Lethal
167,0.026261775696015954,3,flag_mean,2,1,ebola_Liver_Lethal
168,-4.999750012513182e-05,4,flag_mean,2,1,ebola_Liver_Lethal
169,-5.116017320039301e-05,0,flag_median,2,1,ebola_Liver_Lethal
170,-4.999750012513182e-05,1,flag_median,2,1,ebola_Liver_Lethal
171,-0.011459466036028432,2,flag_median,2,1,ebola_Liver_Lethal
172,0.026261775696015954,3,flag_median,2,1,ebola_Liver_Lethal
173,-4.999750012513182e-05,4,flag_median,2,1,ebola_Liver_Lethal
174,0.02320346400881812,0,flag_mean,2,2,ebola_Liver_Lethal
175,-4.999750012513182e-05,1,flag_mean,2,2,ebola_Liver_Lethal
176,-0.011459466036028432,2,flag_mean,2,2,ebola_Liver_Lethal
177,0.052576180201042044,3,flag_mean,2,2,ebola_Liver_Lethal
178,-4.999750012513182e-05,4,flag_mean,2,2,ebola_Liver_Lethal
179,0.02320346400881812,0,flag_median,2,2,ebola_Liver_Lethal
180,-4.999750012513182e-05,1,flag_median,2,2,ebola_Liver_Lethal
181,-0.03807401887352002,2,flag_median,2,2,ebola_Liver_Lethal
182,0.052576180201042044,3,flag_median,2,2,ebola_Liver_Lethal
183,-4.999750012513182e-05,4,flag_median,2,2,ebola_Liver_Lethal
184,0.02320346400881812,0,flag_mean,2,4,ebola_Liver_Lethal
185,-4.999750012513182e-05,1,flag_mean,2,4,ebola_Liver_Lethal
186,-0.03807401887352002,2,flag_mean,2,4,ebola_Liver_Lethal
187,0.026261775696015954,3,flag_mean,2,4,ebola_Liver_Lethal
188,-4.999750012513182e-05,4,flag_mean,2,4,ebola_Liver_Lethal
189,0.02320346400881812,0,flag_median,2,4,ebola_Liver_Lethal
190,-4.999750012513182e-05,1,flag_median,2,4,ebola_Liver_Lethal
191,-0.03807401887352002,2,flag_median,2,4,ebola_Liver_Lethal
192,0.026261775696015954,3,flag_median,2,4,ebola_Liver_Lethal
193,-4.999750012513182e-05,4,flag_median,2,4,ebola_Liver_Lethal
194,-5.116017320039301e-05,0,flag_mean,2,8,ebola_Liver_Lethal
195,-4.999750012513182e-05,1,flag_mean,2,8,ebola_Liver_Lethal
196,-5.3229105674956756e-05,2,flag_mean,2,8,ebola_Liver_Lethal
197,-5.2628809010024646e-05,3,flag_mean,2,8,ebola_Liver_Lethal
198,-4.999750012513182e-05,4,flag_mean,2,8,ebola_Liver_Lethal
199,0.02320346400881812,0,flag_median,2,8,ebola_Liver_Lethal
200,-4.999750012513182e-05,1,flag_median,2,8,ebola_Liver_Lethal
201,-0.011459466036028432,2,flag_median,2,8,ebola_Liver_Lethal
202,0.026261775696015954,3,flag_median,2,8,ebola_Liver_Lethal
203,-4.999750012513182e-05,4,flag_median,2,8,ebola_Liver_Lethal
204,-4.999750012513182e-05,0,eigengene,1,1,ebola_Liver_Tolerant
205,-4.999750012513182e-05,1,eigengene,1,1,ebola_Liver_Tolerant
206,-0.026975470551585667,2,eigengene,1,1,ebola_Liver_Tolerant
207,0.025588431362494335,3,eigengene,1,1,ebola_Liver_Tolerant
208,-4.999750012513182e-05,4,eigengene,1,1,ebola_Liver_Tolerant
209,-4.999750012513182e-05,0,flag_mean,1,1,ebola_Liver_Tolerant
210,-4.999750012513182e-05,1,flag_mean,1,1,ebola_Liver_Tolerant
211,-5.3843254594010403e-05,2,flag_mean,1,1,ebola_Liver_Tolerant
212,-5.1279421568128924e-05,3,flag_mean,1,1,ebola_Liver_Tolerant
213,-4.999750012513182e-05,4,flag_mean,1,1,ebola_Liver_Tolerant
214,-4.999750012513182e-05,0,flag_median,1,1,ebola_Liver_Tolerant
215,-4.999750012513182e-05,1,flag_median,1,1,ebola_Liver_Tolerant
216,-5.3843254594010403e-05,2,flag_median,1,1,ebola_Liver_Tolerant
217,-0.025690990205630482,3,flag_median,1,1,ebola_Liver_Tolerant
218,-4.999750012513182e-05,4,flag_median,1,1,ebola_Liver_Tolerant
219,-4.999750012513182e-05,0,module_expression,1,1,ebola_Liver_Tolerant
220,-4.999750012513182e-05,1,module_expression,1,1,ebola_Liver_Tolerant
221,-0.026975470551585667,2,module_expression,1,1,ebola_Liver_Tolerant
222,-5.1279421568128924e-05,3,module_expression,1,1,ebola_Liver_Tolerant
223,-4.999750012513182e-05,4,module_expression,1,1,ebola_Liver_Tolerant
224,-4.999750012513182e-05,0,eigengene,1,2,ebola_Liver_Tolerant
225,-4.999750012513182e-05,1,eigengene,1,2,ebola_Liver_Tolerant
226,-0.026975470551585667,2,eigengene,1,2,ebola_Liver_Tolerant
227,0.025588431362494335,3,eigengene,1,2,ebola_Liver_Tolerant
228,-4.999750012513182e-05,4,eigengene,1,2,ebola_Liver_Tolerant
229,-0.022776133920576758,0,flag_mean,1,2,ebola_Liver_Tolerant
230,-4.999750012513182e-05,1,flag_mean,1,2,ebola_Liver_Tolerant
231,-0.026975470551585667,2,flag_mean,1,2,ebola_Liver_Tolerant
232,-0.011039726900451963,3,flag_mean,1,2,ebola_Liver_Tolerant
233,-4.999750012513182e-05,4,flag_mean,1,2,ebola_Liver_Tolerant
234,-4.999750012513182e-05,0,flag_median,1,2,ebola_Liver_Tolerant
235,-4.999750012513182e-05,1,flag_median,1,2,ebola_Liver_Tolerant
236,-0.03851331082172493,2,flag_median,1,2,ebola_Liver_Tolerant
237,0.025588431362494335,3,flag_median,1,2,ebola_Liver_Tolerant
238,-4.999750012513182e-05,4,flag_median,1,2,ebola_Liver_Tolerant
239,-4.999750012513182e-05,0,eigengene,1,4,ebola_Liver_Tolerant
240,-4.999750012513182e-05,1,eigengene,1,4,ebola_Liver_Tolerant
241,-0.026975470551585667,2,eigengene,1,4,ebola_Liver_Tolerant
242,0.025588431362494335,3,eigengene,1,4,ebola_Liver_Tolerant
243,-4.999750012513182e-05,4,eigengene,1,4,ebola_Liver_Tolerant
244,-4.999750012513182e-05,0,flag_mean,1,4,ebola_Liver_Tolerant
245,-4.999750012513182e-05,1,flag_mean,1,4,ebola_Liver_Tolerant
246,-0.053897097848577435,2,flag_mean,1,4,ebola_Liver_Tolerant
247,-0.025690990205630482,3,flag_mean,1,4,ebola_Liver_Tolerant
248,-4.999750012513182e-05,4,flag_mean,1,4,ebola_Liver_Tolerant
249,-4.999750012513182e-05,1,flag_median,1,4,ebola_Liver_Tolerant
250,-0.025690990205630482,3,flag_median,1,4,ebola_Liver_Tolerant
251,-4.999750012513182e-05,0,eigengene,1,8,ebola_Liver_Tolerant
252,-4.999750012513182e-05,1,eigengene,1,8,ebola_Liver_Tolerant
253,-0.026975470551585667,2,eigengene,1,8,ebola_Liver_Tolerant
254,-0.036679437684514316,3,eigengene,1,8,ebola_Liver_Tolerant
255,-4.999750012513182e-05,4,eigengene,1,8,ebola_Liver_Tolerant
256,-0.022776133920576758,0,flag_mean,1,8,ebola_Liver_Tolerant
257,-4.999750012513182e-05,1,flag_mean,1,8,ebola_Liver_Tolerant
258,0.025588431362494335,3,flag_mean,1,8,ebola_Liver_Tolerant
259,-4.999750012513182e-05,4,flag_mean,1,8,ebola_Liver_Tolerant
260,-4.999750012513182e-05,0,flag_median,1,8,ebola_Liver_Tolerant
261,-5.3843254594010403e-05,2,flag_median,1,8,ebola_Liver_Tolerant
262,-0.025690990205630482,3,flag_median,1,8,ebola_Liver_Tolerant
263,-4.999750012513182e-05,0,flag_mean,2,1,ebola_Liver_Tolerant
264,-4.999750012513182e-05,1,flag_mean,2,1,ebola_Liver_Tolerant
265,-5.3843254594010403e-05,2,flag_mean,2,1,ebola_Liver_Tolerant
266,-5.1279421568128924e-05,3,flag_mean,2,1,ebola_Liver_Tolerant
267,-4.999750012513182e-05,4,flag_mean,2,1,ebola_Liver_Tolerant
268,-4.999750012513182e-05,0,flag_median,2,1,ebola_Liver_Tolerant
269,-4.999750012513182e-05,1,flag_median,2,1,ebola_Liver_Tolerant
270,-5.3843254594010403e-05,2,flag_median,2,1,ebola_Liver_Tolerant
271,-5.1279421568128924e-05,3,flag_median,2,1,ebola_Liver_Tolerant
272,-4.999750012513182e-05,4,flag_median,2,1,ebola_Liver_Tolerant
273,-4.999750012513182e-05,0,flag_mean,2,2,ebola_Liver_Tolerant
274,-4.999750012513182e-05,1,flag_mean,2,2,ebola_Liver_Tolerant
275,-5.3843254594010403e-05,2,flag_mean,2,2,ebola_Liver_Tolerant
276,-5.1279421568128924e-05,3,flag_mean,2,2,ebola_Liver_Tolerant
277,-4.999750012513182e-05,4,flag_mean,2,2,ebola_Liver_Tolerant
278,-4.999750012513182e-05,0,flag_median,2,2,ebola_Liver_Tolerant
279,-4.999750012513182e-05,1,flag_median,2,2,ebola_Liver_Tolerant
280,-5.3843254594010403e-05,2,flag_median,2,2,ebola_Liver_Tolerant
281,-5.1279421568128924e-05,3,flag_median,2,2,ebola_Liver_Tolerant
282,-4.999750012513182e-05,4,flag_median,2,2,ebola_Liver_Tolerant
283,-4.999750012513182e-05,0,flag_mean,2,4,ebola_Liver_Tolerant
284,-4.999750012513182e-05,1,flag_mean,2,4,ebola_Liver_Tolerant
285,-5.3843254594010403e-05,2,flag_mean,2,4,ebola_Liver_Tolerant
286,-5.1279421568128924e-05,3,flag_mean,2,4,ebola_Liver_Tolerant
287,-4.999750012513182e-05,4,flag_mean,2,4,ebola_Liver_Tolerant
288,-4.999750012513182e-05,0,flag_median,2,4,ebola_Liver_Tolerant
289,-4.999750012513182e-05,1,flag_median,2,4,ebola_Liver_Tolerant
290,-5.3843254594010403e-05,2,flag_median,2,4,ebola_Liver_Tolerant
291,-5.1279421568128924e-05,3,flag_median,2,4,ebola_Liver_Tolerant
292,-4.999750012513182e-05,4,flag_median,2,4,ebola_Liver_Tolerant
293,-4.999750012513182e-05,0,flag_mean,2,8,ebola_Liver_Tolerant
294,-4.999750012513182e-05,1,flag_mean,2,8,ebola_Liver_Tolerant
295,-5.3843254594010403e-05,2,flag_mean,2,8,ebola_Liver_Tolerant
296,-5.1279421568128924e-05,3,flag_mean,2,8,ebola_Liver_Tolerant
297,-4.999750012513182e-05,4,flag_mean,2,8,ebola_Liver_Tolerant
298,-4.999750012513182e-05,0,flag_median,2,8,ebola_Liver_Tolerant
299,-4.999750012513182e-05,1,flag_median,2,8,ebola_Liver_Tolerant
300,-5.3843254594010403e-05,2,flag_median,2,8,ebola_Liver_Tolerant
301,-5.1279421568128924e-05,3,flag_median,2,8,ebola_Liver_Tolerant
302,-4.999750012513182e-05,4,flag_median,2,8,ebola_Liver_Tolerant
303,-4.999750012513182e-05,0,eigengene,1,1,ebola_Spleen
304,-0.03772687141059938,1,eigengene,1,1,ebola_Spleen
305,-3.802324553614511e-05,2,eigengene,1,1,ebola_Spleen
306,0.022898242266338853,3,eigengene,1,1,ebola_Spleen
307,-3.333222225931909e-05,4,eigengene,1,1,ebola_Spleen
308,-4.999750012513182e-05,0,flag_mean,1,1,ebola_Spleen
309,-0.05324740574268649,1,flag_mean,1,1,ebola_Spleen
310,0.01724527017984978,2,flag_mean,1,1,ebola_Spleen
311,0.022898242266338853,3,flag_mean,1,1,ebola_Spleen
312,-0.07145952277781231,4,flag_mean,1,1,ebola_Spleen
313,-0.14289999785725005,0,flag_median,1,1,ebola_Spleen
314,-0.05324740574268649,1,flag_median,1,1,ebola_Spleen
315,-0.17861249794653133,0,module_expression,1,1,ebola_Spleen
316,0.024355265917749058,1,module_expression,1,1,ebola_Spleen
317,0.04440473127688449,2,module_expression,1,1,ebola_Spleen
318,0.059594143334189775,3,module_expression,1,1,ebola_Spleen
319,-0.047650792592627944,4,module_expression,1,1,ebola_Spleen
320,-4.999750012513182e-05,0,eigengene,1,2,ebola_Spleen
321,-0.022206337078512273,1,eigengene,1,2,ebola_Spleen
322,0.027121437851498786,2,eigengene,1,2,ebola_Spleen
323,0.027485229899820274,3,eigengene,1,2,ebola_Spleen
324,-0.023842062407443576,4,eigengene,1,2,ebola_Spleen
325,-4.999750012513182e-05,0,flag_mean,1,2,ebola_Spleen
326,-0.006685802746425162,1,flag_mean,1,2,ebola_Spleen
327,0.027121437851498786,2,flag_mean,1,2,ebola_Spleen
328,0.009137279365894813,3,flag_mean,1,2,ebola_Spleen
329,-0.023842062407443576,4,flag_mean,1,2,ebola_Spleen
330,-0.035762497589406306,0,flag_median,1,2,ebola_Spleen
331,-0.022206337078512273,1,flag_median,1,2,ebola_Spleen
332,0.027121437851498786,2,flag_median,1,2,ebola_Spleen
333,0.004550291732413392,3,flag_median,1,2,ebola_Spleen
334,-0.023842062407443576,4,flag_median,1,2,ebola_Spleen
335,-4.999750012513182e-05,0,eigengene,1,4,ebola_Spleen
336,-0.006685802746425162,1,eigengene,1,4,ebola_Spleen
337,0.027121437851498786,2,eigengene,1,4,ebola_Spleen
338,0.004550291732413392,3,eigengene,1,4,ebola_Spleen
339,-3.333222225931909e-05,4,eigengene,1,4,ebola_Spleen
340,-0.035762497589406306,0,flag_mean,1,4,ebola_Spleen
341,0.008834731585661837,1,flag_mean,1,4,ebola_Spleen
342,-3.802324553592307e-05,2,flag_mean,1,4,ebola_Spleen
343,-3.669590106791798e-05,3,flag_mean,1,4,ebola_Spleen
344,-0.023842062407443576,4,flag_mean,1,4,ebola_Spleen
345,-0.035762497589406306,0,flag_median,1,4,ebola_Spleen
346,0.008834731585661837,1,flag_median,1,4,ebola_Spleen
347,-3.802324553592307e-05,2,flag_median,1,4,ebola_Spleen
348,-0.023842062407443576,4,flag_median,1,4,ebola_Spleen
349,-4.999750012513182e-05,0,eigengene,1,8,ebola_Spleen
350,0.008834731585661837,1,eigengene,1,8,ebola_Spleen
351,0.027121437851498786,2,eigengene,1,8,ebola_Spleen
352,0.022898242266338853,3,eigengene,1,8,ebola_Spleen
353,-0.023842062407443576,4,eigengene,1,8,ebola_Spleen
354,-0.10718749776796888,0,flag_mean,1,8,ebola_Spleen
355,0.008834731585661837,1,flag_mean,1,8,ebola_Spleen
356,0.027121437851498786,2,flag_mean,1,8,ebola_Spleen
357,-0.018384646434993268,3,flag_mean,1,8,ebola_Spleen
358,-0.035762497589406306,0,flag_median,1,8,ebola_Spleen
359,-0.006685802746425162,1,flag_median,1,8,ebola_Spleen
360,0.04440473127688449,2,flag_median,1,8,ebola_Spleen
361,-0.04131958460239993,3,flag_median,1,8,ebola_Spleen
362,-0.023842062407443576,4,flag_median,1,8,ebola_Spleen
363,-0.06211628250387924,1,flag_mean,2,1,ebola_Spleen
364,0.027121437851498786,2,flag_mean,2,1,ebola_Spleen
365,-0.04131958460239993,3,flag_mean,2,1,ebola_Spleen
366,-0.07145952277781231,4,flag_mean,2,1,ebola_Spleen
367,-0.14289999785725005,0,flag_median,2,1,ebola_Spleen
368,-0.006685802746425162,1,flag_median,2,1,ebola_Spleen
369,-0.05966753513632528,3,flag_median,2,1,ebola_Spleen
370,-0.023842062407443576,4,flag_median,2,1,ebola_Spleen
371,-0.07147499767868759,0,flag_mean,2,2,ebola_Spleen
372,0.024355265917749058,1,flag_mean,2,2,ebola_Spleen
373,0.027121437851498786,2,flag_mean,2,2,ebola_Spleen
374,-0.04131958460239993,3,flag_mean,2,2,ebola_Spleen
375,-0.023842062407443576,4,flag_mean,2,2,ebola_Spleen
376,-0.07147499767868759,0,flag_median,2,2,ebola_Spleen
377,0.024355265917749058,1,flag_median,2,2,ebola_Spleen
378,0.009838144426113082,2,flag_median,2,2,ebola_Spleen
379,-3.669590106791798e-05,3,flag_median,2,2,ebola_Spleen
380,-0.023842062407443576,4,flag_median,2,2,ebola_Spleen
381,-0.035762497589406306,0,flag_mean,2,4,ebola_Spleen
382,0.024355265917749058,1,flag_mean,2,4,ebola_Spleen
383,0.027121437851498786,2,flag_mean,2,4,ebola_Spleen
384,0.027485229899820274,3,flag_mean,2,4,ebola_Spleen
385,-3.333222225931909e-05,4,flag_mean,2,4,ebola_Spleen
386,-0.07147499767868759,0,flag_median,2,4,ebola_Spleen
387,0.024355265917749058,1,flag_median,2,4,ebola_Spleen
388,0.027121437851498786,2,flag_median,2,4,ebola_Spleen
389,0.027485229899820274,3,flag_median,2,4,ebola_Spleen
390,-0.023842062407443576,4,flag_median,2,4,ebola_Spleen
391,-4.999750012513182e-05,0,flag_mean,2,8,ebola_Spleen
392,-3.414517553068652e-05,1,flag_mean,2,8,ebola_Spleen
393,-3.802324553592307e-05,2,flag_mean,2,8,ebola_Spleen
394,-3.669590106791798e-05,3,flag_mean,2,8,ebola_Spleen
395,-3.333222225931909e-05,4,flag_mean,2,8,ebola_Spleen
396,-4.999750012513182e-05,0,flag_median,2,8,ebola_Spleen
397,0.024355265917749058,1,flag_median,2,8,ebola_Spleen
398,-0.027197484342570855,2,flag_median,2,8,ebola_Spleen
399,-0.018384646434993268,3,flag_median,2,8,ebola_Spleen
400,-0.023842062407443576,4,flag_median,2,8,ebola_Spleen
401,-0.035762497589406306,0,eigengene,1,1,ebola_Spleen_Lethal
402,-0.013657107756940734,1,eigengene,1,1,ebola_Spleen_Lethal
403,0.041448912025489726,2,eigengene,1,1,ebola_Spleen_Lethal
404,-0.026367033314036004,3,eigengene,1,1,ebola_Spleen_Lethal
405,-0.035762497589406306,4,eigengene,1,1,ebola_Spleen_Lethal
406,-0.10718749776796888,0,flag_mean,1,1,ebola_Spleen_Lethal
407,-5.2378208760472944e-05,1,flag_mean,1,1,ebola_Spleen_Lethal
408,0.10936949324454348,2,flag_mean,1,1,ebola_Spleen_Lethal
409,-5.2628809010024646e-05,3,flag_mean,1,1,ebola_Spleen_Lethal
410,-0.035762497589406306,4,flag_mean,1,1,ebola_Spleen_Lethal
411,-0.10718749776796888,0,flag_median,1,1,ebola_Spleen_Lethal
412,-0.03746538446625591,1,flag_median,1,1,ebola_Spleen_Lethal
413,0.041448912025489726,2,flag_median,1,1,ebola_Spleen_Lethal
414,0.026261775696015954,3,flag_median,1,1,ebola_Spleen_Lethal
415,-0.035762497589406306,4,flag_median,1,1,ebola_Spleen_Lethal
416,-0.035762497589406306,0,module_expression,1,1,ebola_Spleen_Lethal
417,-0.013657107756940734,1,module_expression,1,1,ebola_Spleen_Lethal
418,0.041448912025489726,2,module_expression,1,1,ebola_Spleen_Lethal
419,-5.2628809010024646e-05,3,module_expression,1,1,ebola_Spleen_Lethal
420,-0.035762497589406306,4,module_expression,1,1,ebola_Spleen_Lethal
421,-0.035762497589406306,0,eigengene,1,2,ebola_Spleen_Lethal
422,0.047564175209869886,1,eigengene,1,2,ebola_Spleen_Lethal
423,0.015035352662524426,2,eigengene,1,2,ebola_Spleen_Lethal
424,-5.2628809010024646e-05,3,eigengene,1,2,ebola_Spleen_Lethal
425,-4.999750012513182e-05,4,eigengene,1,2,ebola_Spleen_Lethal
426,-0.035762497589406306,0,flag_mean,1,2,ebola_Spleen_Lethal
427,0.047564175209869886,1,flag_mean,1,2,ebola_Spleen_Lethal
428,0.041448912025489726,2,flag_mean,1,2,ebola_Spleen_Lethal
429,-5.2628809010024646e-05,3,flag_mean,1,2,ebola_Spleen_Lethal
430,-4.999750012513182e-05,4,flag_mean,1,2,ebola_Spleen_Lethal
431,-4.999750012513182e-05,0,flag_median,1,2,ebola_Spleen_Lethal
432,0.047564175209869886,1,flag_median,1,2,ebola_Spleen_Lethal
433,0.041448912025489726,2,flag_median,1,2,ebola_Spleen_Lethal
434,-0.026367033314036004,3,flag_median,1,2,ebola_Spleen_Lethal
435,-4.999750012513182e-05,4,flag_median,1,2,ebola_Spleen_Lethal
436,-0.035762497589406306,0,eigengene,1,4,ebola_Spleen_Lethal
437,0.047564175209869886,1,eigengene,1,4,ebola_Spleen_Lethal
438,0.015035352662524426,2,eigengene,1,4,ebola_Spleen_Lethal
439,-0.026367033314036004,3,eigengene,1,4,ebola_Spleen_Lethal
440,-4.999750012513182e-05,4,eigengene,1,4,ebola_Spleen_Lethal
441,0.041448912025489726,2,flag_mean,1,4,ebola_Spleen_Lethal
442,-0.059260038945318616,3,flag_mean,1,4,ebola_Spleen_Lethal
443,-0.035762497589406306,4,flag_mean,1,4,ebola_Spleen_Lethal
444,-4.999750012513182e-05,0,flag_median,1,4,ebola_Spleen_Lethal
445,0.023755898500554817,1,flag_median,1,4,ebola_Spleen_Lethal
446,0.041448912025489726,2,flag_median,1,4,ebola_Spleen_Lethal
447,-0.059260038945318616,3,flag_median,1,4,ebola_Spleen_Lethal
448,-0.035762497589406306,4,flag_median,1,4,ebola_Spleen_Lethal
449,-4.999750012513182e-05,0,eigengene,1,8,ebola_Spleen_Lethal
450,0.047564175209869886,1,eigengene,1,8,ebola_Spleen_Lethal
451,-0.026471669193563918,2,eigengene,1,8,ebola_Spleen_Lethal
452,-5.2628809010024646e-05,3,eigengene,1,8,ebola_Spleen_Lethal
453,-0.035762497589406306,4,eigengene,1,8,ebola_Spleen_Lethal
454,-0.035762497589406306,0,flag_mean,1,8,ebola_Spleen_Lethal
455,0.08295593388157818,2,flag_mean,1,8,ebola_Spleen_Lethal
456,-0.09215304457660112,3,flag_mean,1,8,ebola_Spleen_Lethal
457,-0.035762497589406306,0,flag_median,1,8,ebola_Spleen_Lethal
458,-0.035762497589406306,0,flag_mean,2,1,ebola_Spleen_Lethal
459,-0.03746538446625591,1,flag_mean,2,1,ebola_Spleen_Lethal
460,0.041448912025489726,2,flag_mean,2,1,ebola_Spleen_Lethal
461,-0.08557444345034482,3,flag_mean,2,1,ebola_Spleen_Lethal
462,-0.035762497589406306,4,flag_mean,2,1,ebola_Spleen_Lethal
463,-0.07147499767868759,0,flag_median,2,1,ebola_Spleen_Lethal
464,-0.03746538446625591,1,flag_median,2,1,ebola_Spleen_Lethal
465,0.06786247138845503,2,flag_median,2,1,ebola_Spleen_Lethal
466,-0.026367033314036004,3,flag_median,2,1,ebola_Spleen_Lethal
467,-0.035762497589406306,4,flag_median,2,1,ebola_Spleen_Lethal
468,-0.035762497589406306,0,flag_mean,2,2,ebola_Spleen_Lethal
469,0.047564175209869886,1,flag_mean,2,2,ebola_Spleen_Lethal
470,0.015035352662524426,2,flag_mean,2,2,ebola_Spleen_Lethal
471,-0.026367033314036004,3,flag_mean,2,2,ebola_Spleen_Lethal
472,-4.999750012513182e-05,4,flag_mean,2,2,ebola_Spleen_Lethal
473,-4.999750012513182e-05,0,flag_median,2,2,ebola_Spleen_Lethal
474,0.047564175209869886,1,flag_median,2,2,ebola_Spleen_Lethal
475,0.015035352662524426,2,flag_median,2,2,ebola_Spleen_Lethal
476,-0.026367033314036004,3,flag_median,2,2,ebola_Spleen_Lethal
477,-4.999750012513182e-05,4,flag_median,2,2,ebola_Spleen_Lethal
478,-0.035762497589406306,0,flag_mean,2,4,ebola_Spleen_Lethal
479,0.047564175209869886,1,flag_mean,2,4,ebola_Spleen_Lethal
480,0.015035352662524426,2,flag_mean,2,4,ebola_Spleen_Lethal
481,-0.026367033314036004,3,flag_mean,2,4,ebola_Spleen_Lethal
482,-4.999750012513182e-05,4,flag_mean,2,4,ebola_Spleen_Lethal
483,-4.999750012513182e-05,0,flag_median,2,4,ebola_Spleen_Lethal
484,0.047564175209869886,1,flag_median,2,4,ebola_Spleen_Lethal
485,-0.026471669193563918,2,flag_median,2,4,ebola_Spleen_Lethal
486,-0.026367033314036004,3,flag_median,2,4,ebola_Spleen_Lethal
487,-4.999750012513182e-05,4,flag_median,2,4,ebola_Spleen_Lethal
488,-4.999750012513182e-05,0,flag_mean,2,8,ebola_Spleen_Lethal
489,-5.2378208760472944e-05,1,flag_mean,2,8,ebola_Spleen_Lethal
490,-5.810983059850727e-05,2,flag_mean,2,8,ebola_Spleen_Lethal
491,-5.2628809010024646e-05,3,flag_mean,2,8,ebola_Spleen_Lethal
492,-4.999750012513182e-05,4,flag_mean,2,8,ebola_Spleen_Lethal
493,0.047564175209869886,1,flag_median,2,8,ebola_Spleen_Lethal
494,-5.8109830598618295e-05,2,flag_median,2,8,ebola_Spleen_Lethal
495,-0.052681437819062205,3,flag_median,2,8,ebola_Spleen_Lethal
496,-0.035762497589406306,4,flag_median,2,8,ebola_Spleen_Lethal
497,-4.999750012513182e-05,0,eigengene,1,1,ebola_Spleen_Tolerant
498,0.02320346400881812,1,eigengene,1,1,ebola_Spleen_Tolerant
499,0.042573427787643725,2,eigengene,1,1,ebola_Spleen_Tolerant
500,-5.2628809010024646e-05,3,eigengene,1,1,ebola_Spleen_Tolerant
501,0.036983267534276054,4,eigengene,1,1,ebola_Spleen_Tolerant
502,-4.999750012513182e-05,0,flag_mean,1,1,ebola_Spleen_Tolerant
503,0.042573427787643725,2,flag_mean,1,1,ebola_Spleen_Tolerant
504,-0.059260038945318616,3,flag_mean,1,1,ebola_Spleen_Tolerant
505,-0.03708696586102944,4,flag_mean,1,1,ebola_Spleen_Tolerant
506,0.02320346400881812,1,flag_median,1,1,ebola_Spleen_Tolerant
507,-0.026367033314036004,3,flag_median,1,1,ebola_Spleen_Tolerant
508,-0.10718749776796888,0,module_expression,1,1,ebola_Spleen_Tolerant
509,-0.013339516848639654,1,module_expression,1,1,ebola_Spleen_Tolerant
510,0.06970359133602089,2,module_expression,1,1,ebola_Spleen_Tolerant
511,-5.2628809010024646e-05,3,module_expression,1,1,ebola_Spleen_Tolerant
512,-5.1849163376749274e-05,4,module_expression,1,1,ebola_Spleen_Tolerant
513,-4.999750012513182e-05,0,eigengene,1,2,ebola_Spleen_Tolerant
514,-0.04656040853723753,1,eigengene,1,2,ebola_Spleen_Tolerant
515,0.042573427787643725,2,eigengene,1,2,ebola_Spleen_Tolerant
516,-5.2628809010024646e-05,3,eigengene,1,2,ebola_Spleen_Tolerant
517,0.036983267534276054,4,eigengene,1,2,ebola_Spleen_Tolerant
518,-0.035762497589406306,0,flag_mean,1,2,ebola_Spleen_Tolerant
519,-5.116017320039301e-05,1,flag_mean,1,2,ebola_Spleen_Tolerant
520,0.042573427787643725,2,flag_mean,1,2,ebola_Spleen_Tolerant
521,-0.026367033314036004,3,flag_mean,1,2,ebola_Spleen_Tolerant
522,0.036983267534276054,4,flag_mean,1,2,ebola_Spleen_Tolerant
523,-0.035762497589406306,0,flag_median,1,2,ebola_Spleen_Tolerant
524,0.02320346400881812,1,flag_median,1,2,ebola_Spleen_Tolerant
525,0.042573427787643725,2,flag_median,1,2,ebola_Spleen_Tolerant
526,-0.026367033314036004,3,flag_median,1,2,ebola_Spleen_Tolerant
527,0.036983267534276054,4,flag_median,1,2,ebola_Spleen_Tolerant
528,-4.999750012513182e-05,0,eigengene,1,4,ebola_Spleen_Tolerant
529,-5.116017320039301e-05,1,eigengene,1,4,ebola_Spleen_Tolerant
530,0.042573427787643725,2,eigengene,1,4,ebola_Spleen_Tolerant
531,-5.2628809010024646e-05,3,eigengene,1,4,ebola_Spleen_Tolerant
532,0.036983267534276054,4,eigengene,1,4,ebola_Spleen_Tolerant
533,-4.999750012513182e-05,0,flag_mean,1,4,ebola_Spleen_Tolerant
534,0.02320346400881812,1,flag_mean,1,4,ebola_Spleen_Tolerant
535,-5.2628809010024646e-05,3,flag_mean,1,4,ebola_Spleen_Tolerant
536,0.036983267534276054,4,flag_mean,1,4,ebola_Spleen_Tolerant
537,-4.999750012513182e-05,0,flag_median,1,4,ebola_Spleen_Tolerant
538,0.02320346400881812,1,flag_median,1,4,ebola_Spleen_Tolerant
539,0.042573427787643725,2,flag_median,1,4,ebola_Spleen_Tolerant
540,-0.026367033314036004,3,flag_median,1,4,ebola_Spleen_Tolerant
541,0.036983267534276054,4,flag_median,1,4,ebola_Spleen_Tolerant
542,-4.999750012513182e-05,0,eigengene,1,8,ebola_Spleen_Tolerant
543,-5.116017320039301e-05,1,eigengene,1,8,ebola_Spleen_Tolerant
544,0.06970359133602089,2,eigengene,1,8,ebola_Spleen_Tolerant
545,-0.03294563444029264,3,eigengene,1,8,ebola_Spleen_Tolerant
546,0.036983267534276054,4,eigengene,1,8,ebola_Spleen_Tolerant
547,-0.035762497589406306,0,flag_mean,1,8,ebola_Spleen_Tolerant
548,0.06970359133602089,2,flag_mean,1,8,ebola_Spleen_Tolerant
549,-0.026367033314036004,3,flag_mean,1,8,ebola_Spleen_Tolerant
550,-5.1849163376749274e-05,4,flag_mean,1,8,ebola_Spleen_Tolerant
551,-0.035762497589406306,0,flag_median,1,8,ebola_Spleen_Tolerant
552,0.02320346400881812,1,flag_median,1,8,ebola_Spleen_Tolerant
553,0.11233670548347119,2,flag_median,1,8,ebola_Spleen_Tolerant
554,-0.08557444345034482,3,flag_median,1,8,ebola_Spleen_Tolerant
555,0.036983267534276054,4,flag_median,1,8,ebola_Spleen_Tolerant
556,-0.035762497589406306,0,flag_mean,2,1,ebola_Spleen_Tolerant
557,0.02320346400881812,1,flag_mean,2,1,ebola_Spleen_Tolerant
558,0.042573427787643725,2,flag_mean,2,1,ebola_Spleen_Tolerant
559,-0.026367033314036004,3,flag_mean,2,1,ebola_Spleen_Tolerant
560,-0.03708696586102944,4,flag_mean,2,1,ebola_Spleen_Tolerant
561,-4.999750012513182e-05,0,flag_median,2,1,ebola_Spleen_Tolerant
562,0.02320346400881812,1,flag_median,2,1,ebola_Spleen_Tolerant
563,-0.03708696586102944,4,flag_median,2,1,ebola_Spleen_Tolerant
564,-4.999750012513182e-05,0,flag_mean,2,2,ebola_Spleen_Tolerant
565,0.02320346400881812,1,flag_mean,2,2,ebola_Spleen_Tolerant
566,-5.968635980646564e-05,2,flag_mean,2,2,ebola_Spleen_Tolerant
567,-5.2628809010024646e-05,3,flag_mean,2,2,ebola_Spleen_Tolerant
568,-5.1849163376749274e-05,4,flag_mean,2,2,ebola_Spleen_Tolerant
569,-0.035762497589406306,0,flag_median,2,2,ebola_Spleen_Tolerant
570,0.02320346400881812,1,flag_median,2,2,ebola_Spleen_Tolerant
571,-5.968635980646564e-05,2,flag_median,2,2,ebola_Spleen_Tolerant
572,-0.026367033314036004,3,flag_median,2,2,ebola_Spleen_Tolerant
573,0.036983267534276054,4,flag_median,2,2,ebola_Spleen_Tolerant
574,-0.035762497589406306,0,flag_mean,2,4,ebola_Spleen_Tolerant
575,0.02320346400881812,1,flag_mean,2,4,ebola_Spleen_Tolerant
576,0.06970359133602089,2,flag_mean,2,4,ebola_Spleen_Tolerant
577,-5.2628809010024646e-05,3,flag_mean,2,4,ebola_Spleen_Tolerant
578,-5.1849163376749274e-05,4,flag_mean,2,4,ebola_Spleen_Tolerant
579,-4.999750012513182e-05,0,flag_median,2,4,ebola_Spleen_Tolerant
580,0.02320346400881812,1,flag_median,2,4,ebola_Spleen_Tolerant
581,0.027070477188570807,2,flag_median,2,4,ebola_Spleen_Tolerant
582,-5.2628809010024646e-05,3,flag_median,2,4,ebola_Spleen_Tolerant
583,0.036983267534276054,4,flag_median,2,4,ebola_Spleen_Tolerant
584,-4.999750012513182e-05,0,flag_mean,2,8,ebola_Spleen_Tolerant
585,-5.116017320039301e-05,1,flag_mean,2,8,ebola_Spleen_Tolerant
586,-5.968635980646564e-05,2,flag_mean,2,8,ebola_Spleen_Tolerant
587,-5.2628809010024646e-05,3,flag_mean,2,8,ebola_Spleen_Tolerant
588,-5.1849163376749274e-05,4,flag_mean,2,8,ebola_Spleen_Tolerant
589,-4.999750012513182e-05,0,flag_median,2,8,ebola_Spleen_Tolerant
590,-5.116017320039301e-05,1,flag_median,2,8,ebola_Spleen_Tolerant
591,0.042573427787643725,2,flag_median,2,8,ebola_Spleen_Tolerant
592,-0.059260038945318616,3,flag_median,2,8,ebola_Spleen_Tolerant
593,-5.1849163376749274e-05,4,flag_median,2,8,ebola_Spleen_Tolerant
594,0.008338458457885611,0,eigengene,1,1,gse73072_hrv_48_64
595,0.050322077024488765,1,eigengene,1,1,gse73072_hrv_48_64
596,-0.01965515005280538,2,eigengene,1,1,gse73072_hrv_48_64
597,0.08931264280623052,3,eigengene,1,1,gse73072_hrv_48_64
598,0.009637413440622078,4,eigengene,1,1,gse73072_hrv_48_64
599,0.06614509585174799,0,flag_mean,1,1,gse73072_hrv_48_64
600,0.04845815142196086,1,flag_mean,1,1,gse73072_hrv_48_64
601,0.032746356403169585,2,flag_mean,1,1,gse73072_hrv_48_64
602,0.10130583406038562,0,flag_median,1,1,gse73072_hrv_48_64
603,0.08014488666493547,1,flag_median,1,1,gse73072_hrv_48_64
604,0.04366333691483071,2,flag_median,1,1,gse73072_hrv_48_64
605,0.22307180668319426,3,flag_median,1,1,gse73072_hrv_48_64
606,0.02968047303650323,4,flag_median,1,1,gse73072_hrv_48_64
607,-0.9707987089453686,0,module_expression,1,1,gse73072_hrv_48_64
608,-0.9683132647570252,1,module_expression,1,1,gse73072_hrv_48_64
609,-0.9628822662603512,2,module_expression,1,1,gse73072_hrv_48_64
610,0.1626053353415533,3,module_expression,1,1,gse73072_hrv_48_64
611,0.016994992279616428,4,module_expression,1,1,gse73072_hrv_48_64
612,0.03575191536631528,0,eigengene,1,2,gse73072_hrv_48_64
613,0.04193441181311308,1,eigengene,1,2,gse73072_hrv_48_64
614,0.09251919810465092,3,eigengene,1,2,gse73072_hrv_48_64
615,0.027904505730539153,4,eigengene,1,2,gse73072_hrv_48_64
616,0.06430151904344839,1,flag_mean,1,2,gse73072_hrv_48_64
617,0.012004093431012608,2,flag_mean,1,2,gse73072_hrv_48_64
618,0.009820697328680517,2,flag_median,1,2,gse73072_hrv_48_64
619,0.1364948136258448,3,flag_median,1,2,gse73072_hrv_48_64
620,0.08289953220938995,3,eigengene,1,4,gse73072_hrv_48_64
621,0.03098435764311014,0,flag_mean,1,4,gse73072_hrv_48_64
622,0.027954969794153905,1,flag_mean,1,4,gse73072_hrv_48_64
623,-0.008738169541143814,2,flag_mean,1,4,gse73072_hrv_48_64
624,0.007734591327089202,4,flag_mean,1,4,gse73072_hrv_48_64
625,0.04290325195112299,0,flag_median,1,4,gse73072_hrv_48_64
626,0.04100244901184924,1,flag_median,1,4,gse73072_hrv_48_64
627,0.03383805445433552,2,flag_median,1,4,gse73072_hrv_48_64
628,0.07557026295585789,3,flag_median,1,4,gse73072_hrv_48_64
629,0.004055801907592027,4,flag_median,1,4,gse73072_hrv_48_64
630,0.022045186912100556,0,eigengene,1,8,gse73072_hrv_48_64
631,-0.024021942257469897,2,eigengene,1,8,gse73072_hrv_48_64
632,0.04396278929999986,3,eigengene,1,8,gse73072_hrv_48_64
633,0.022641131627501032,0,flag_mean,1,8,gse73072_hrv_48_64
634,0.008383750967610348,1,flag_mean,1,8,gse73072_hrv_48_64
635,-0.027297036410968256,2,flag_mean,1,8,gse73072_hrv_48_64
636,0.04625318594172878,3,flag_mean,1,8,gse73072_hrv_48_64
637,-0.007487985581175027,4,flag_mean,1,8,gse73072_hrv_48_64
638,0.03277219178931201,0,flag_median,1,8,gse73072_hrv_48_64
639,0.009315713768874412,1,flag_median,1,8,gse73072_hrv_48_64
640,0.0032705090216835764,2,flag_median,1,8,gse73072_hrv_48_64
641,0.017121847087185227,4,flag_median,1,8,gse73072_hrv_48_64
642,0.060185648697741456,0,flag_mean,2,1,gse73072_hrv_48_64
643,0.06150563063965642,1,flag_mean,2,1,gse73072_hrv_48_64
644,0.02182937589150802,2,flag_mean,2,1,gse73072_hrv_48_64
645,0.16947652526673962,3,flag_mean,2,1,gse73072_hrv_48_64
646,0.0152791875845113,2,flag_median,2,1,gse73072_hrv_48_64
647,0.2093294268328214,3,flag_median,2,1,gse73072_hrv_48_64
648,0.014965315358514752,4,flag_median,2,1,gse73072_hrv_48_64
649,0.04230730723572207,0,flag_mean,2,2,gse73072_hrv_48_64
650,0.013043564973930222,1,flag_mean,2,2,gse73072_hrv_48_64
651,-0.0043713773364792985,2,flag_mean,2,2,gse73072_hrv_48_64
652,-0.025665268608556446,3,flag_mean,2,2,gse73072_hrv_48_64
653,-0.01890491826237317,4,flag_mean,2,2,gse73072_hrv_48_64
654,0.03277219178931201,0,flag_median,2,2,gse73072_hrv_48_64
655,-0.010255505057668923,1,flag_median,2,2,gse73072_hrv_48_64
656,-0.027297036410968256,2,flag_median,2,2,gse73072_hrv_48_64
657,0.024265378181131947,3,flag_median,2,2,gse73072_hrv_48_64
658,0.0074808817119513815,4,flag_median,2,2,gse73072_hrv_48_64
659,-0.01013582771953403,0,flag_mean,2,4,gse73072_hrv_48_64
660,0.020499267384042064,1,flag_mean,2,4,gse73072_hrv_48_64
661,-0.020746848103971538,2,flag_mean,2,4,gse73072_hrv_48_64
662,0.04029815467323372,3,flag_mean,2,4,gse73072_hrv_48_64
663,0.0062123336362627235,4,flag_mean,2,4,gse73072_hrv_48_64
664,-0.0071561041425308725,0,flag_median,2,4,gse73072_hrv_48_64
665,0.019567304582778,1,flag_median,2,4,gse73072_hrv_48_64
666,-0.04913099743429117,2,flag_median,2,4,gse73072_hrv_48_64
667,0.021516902211057287,3,flag_median,2,4,gse73072_hrv_48_64
668,0.00012330287295725384,4,flag_median,2,4,gse73072_hrv_48_64
669,-4.767557723162064e-06,0,flag_mean,2,8,gse73072_hrv_48_64
670,-3.9142437653350015e-06,1,flag_mean,2,8,gse73072_hrv_48_64
671,-4.585131814893728e-06,2,flag_mean,2,8,gse73072_hrv_48_64
672,-1.2826221193695808e-05,3,flag_mean,2,8,gse73072_hrv_48_64
673,-3.5519346118784156e-06,4,flag_mean,2,8,gse73072_hrv_48_64
674,0.002974956019279995,0,flag_median,2,8,gse73072_hrv_48_64
675,0.004655899762554538,1,flag_median,2,8,gse73072_hrv_48_64
676,-0.024021942257469897,2,flag_median,2,8,gse73072_hrv_48_64
677,0.011439156987450572,3,flag_median,2,8,gse73072_hrv_48_64
678,-0.0025406480859890834,4,flag_median,2,8,gse73072_hrv_48_64
679,0.03837135318641516,0,eigengene,1,1,gse73072_hrv_48_64_False
680,0.0032776654636821334,1,eigengene,1,1,gse73072_hrv_48_64_False
681,0.04318798247444189,2,eigengene,1,1,gse73072_hrv_48_64_False
682,0.03761013636500432,3,eigengene,1,1,gse73072_hrv_48_64_False
683,-0.04429236031100714,4,eigengene,1,1,gse73072_hrv_48_64_False
684,0.02515940298742647,1,flag_mean,1,1,gse73072_hrv_48_64_False
685,0.01570122258490181,2,flag_mean,1,1,gse73072_hrv_48_64_False
686,0.06731676603598591,3,flag_mean,1,1,gse73072_hrv_48_64_False
687,0.05141748801591972,1,flag_median,1,1,gse73072_hrv_48_64_False
688,0.03795240916214859,2,flag_median,1,1,gse73072_hrv_48_64_False
689,0.02348118478893224,4,flag_median,1,1,gse73072_hrv_48_64_False
690,0.08230886625643485,0,module_expression,1,1,gse73072_hrv_48_64_False
691,0.03281801112073679,1,module_expression,1,1,gse73072_hrv_48_64_False
692,-0.9554976268455069,2,module_expression,1,1,gse73072_hrv_48_64_False
693,-0.9656637657049691,3,module_expression,1,1,gse73072_hrv_48_64_False
694,0.006705554813699832,4,module_expression,1,1,gse73072_hrv_48_64_False
695,0.012231313765010965,0,eigengene,1,2,gse73072_hrv_48_64_False
696,-0.006569116422003307,1,eigengene,1,2,gse73072_hrv_48_64_False
697,0.00261228930416868,2,eigengene,1,2,gse73072_hrv_48_64_False
698,0.02815802692423741,3,eigengene,1,2,gse73072_hrv_48_64_False
699,-0.030704100031068604,4,eigengene,1,2,gse73072_hrv_48_64_False
700,0.0075443363124614304,4,flag_mean,1,2,gse73072_hrv_48_64_False
701,0.04187908914636873,2,flag_median,1,2,gse73072_hrv_48_64_False
702,-0.002192768917254284,1,eigengene,1,4,gse73072_hrv_48_64_False
703,-0.025000385839489492,4,eigengene,1,4,gse73072_hrv_48_64_False
704,0.016124511125645613,0,flag_mean,1,4,gse73072_hrv_48_64_False
705,-0.017509985183875254,1,flag_mean,1,4,gse73072_hrv_48_64_False
706,-0.015712217288857744,2,flag_mean,1,4,gse73072_hrv_48_64_False
707,0.011568610354728115,3,flag_mean,1,4,gse73072_hrv_48_64_False
708,-0.017619108650387183,4,flag_mean,1,4,gse73072_hrv_48_64_False
709,-0.002192768917254062,1,flag_median,1,4,gse73072_hrv_48_64_False
710,0.023554582553342085,2,flag_median,1,4,gse73072_hrv_48_64_False
711,-0.01644481455212088,4,flag_median,1,4,gse73072_hrv_48_64_False
712,0.052831800525915185,0,eigengene,1,8,gse73072_hrv_48_64_False
713,-0.025168593317185683,1,eigengene,1,8,gse73072_hrv_48_64_False
714,0.040696539447703683,3,eigengene,1,8,gse73072_hrv_48_64_False
715,0.011234974907012418,4,eigengene,1,8,gse73072_hrv_48_64_False
716,0.0027764058891839305,0,flag_mean,1,8,gse73072_hrv_48_64_False
717,-0.028450853945747423,1,flag_mean,1,8,gse73072_hrv_48_64_False
718,0.03471663347497356,3,flag_mean,1,8,gse73072_hrv_48_64_False
719,-0.0025210416726781926,4,flag_mean,1,8,gse73072_hrv_48_64_False
720,-0.0011167914714507177,0,flag_median,1,8,gse73072_hrv_48_64_False
721,-0.0010986820410671116,1,flag_median,1,8,gse73072_hrv_48_64_False
722,0.0042384030333171285,3,flag_median,1,8,gse73072_hrv_48_64_False
723,-0.02013545314667209,4,flag_median,1,8,gse73072_hrv_48_64_False
724,0.019627902569121947,2,flag_mean,2,1,gse73072_hrv_48_64_False
725,0.07908367778877756,3,flag_mean,2,1,gse73072_hrv_48_64_False
726,-0.0107411003605421,4,flag_mean,2,1,gse73072_hrv_48_64_False
727,0.06617990576237687,0,flag_median,2,1,gse73072_hrv_48_64_False
728,0.0641302757236153,2,flag_median,2,1,gse73072_hrv_48_64_False
729,0.004524722916919632,4,flag_median,2,1,gse73072_hrv_48_64_False
730,0.021686221640838,0,flag_mean,2,2,gse73072_hrv_48_64_False
731,-0.04157989645999427,1,flag_mean,2,2,gse73072_hrv_48_64_False
732,0.006538969288388596,2,flag_mean,2,2,gse73072_hrv_48_64_False
733,0.00018749898727410397,3,flag_mean,2,2,gse73072_hrv_48_64_False
734,-0.001178991274659591,4,flag_mean,2,2,gse73072_hrv_48_64_False
735,0.029472616362107296,0,flag_median,2,2,gse73072_hrv_48_64_False
736,-0.01203955080293917,1,flag_median,2,2,gse73072_hrv_48_64_False
737,-0.010476643976564448,2,flag_median,2,2,gse73072_hrv_48_64_False
738,0.02545742422687547,3,flag_median,2,2,gse73072_hrv_48_64_False
739,-0.014263982655340568,4,flag_median,2,2,gse73072_hrv_48_64_False
740,-0.008347015141200509,0,flag_mean,2,4,gse73072_hrv_48_64_False
741,-0.014227724555313515,1,flag_mean,2,4,gse73072_hrv_48_64_False
742,0.010465649272608735,2,flag_mean,2,4,gse73072_hrv_48_64_False
743,0.041468140218378524,3,flag_mean,2,4,gse73072_hrv_48_64_False
744,-0.028523268134288293,4,flag_mean,2,4,gse73072_hrv_48_64_False
745,0.010006629558934055,0,flag_median,2,4,gse73072_hrv_48_64_False
746,-0.028450853945747312,1,flag_median,2,4,gse73072_hrv_48_64_False
747,0.002612289304168902,2,flag_median,2,4,gse73072_hrv_48_64_False
748,0.04397584272307142,3,flag_median,2,4,gse73072_hrv_48_64_False
749,-0.008728024763514197,4,flag_median,2,4,gse73072_hrv_48_64_False
750,-4.4493684121516e-06,0,flag_mean,2,8,gse73072_hrv_48_64_False
751,-4.595164879939162e-06,1,flag_mean,2,8,gse73072_hrv_48_64_False
752,-5.497351977856724e-06,2,flag_mean,2,8,gse73072_hrv_48_64_False
753,-5.401205394717223e-06,3,flag_mean,2,8,gse73072_hrv_48_64_False
754,-4.6971763930647725e-06,4,flag_mean,2,8,gse73072_hrv_48_64_False
755,0.02613559005299182,0,flag_median,2,8,gse73072_hrv_48_64_False
756,-0.012039550802939503,1,flag_median,2,8,gse73072_hrv_48_64_False
757,-0.0013143906800511251,2,flag_median,2,8,gse73072_hrv_48_64_False
758,0.027772226538900213,3,flag_median,2,8,gse73072_hrv_48_64_False
759,0.01039619340825082,4,flag_median,2,8,gse73072_hrv_48_64_False
760,-0.016269136201295775,0,eigengene,1,1,gse73072_hrv_48_64_True
761,0.01418008150319916,1,eigengene,1,1,gse73072_hrv_48_64_True
762,0.014847264991570963,2,eigengene,1,1,gse73072_hrv_48_64_True
763,0.05077150759747551,3,eigengene,1,1,gse73072_hrv_48_64_True
764,0.03724355530054857,4,eigengene,1,1,gse73072_hrv_48_64_True
765,0.03981586173477636,0,flag_mean,1,1,gse73072_hrv_48_64_True
766,0.049500586235185606,2,flag_mean,1,1,gse73072_hrv_48_64_True
767,0.1076628428562052,3,flag_mean,1,1,gse73072_hrv_48_64_True
768,0.14355402080466528,3,flag_median,1,1,gse73072_hrv_48_64_True
769,-0.9725183510113247,0,module_expression,1,1,gse73072_hrv_48_64_True
770,-0.9655523249039872,1,module_expression,1,1,gse73072_hrv_48_64_True
771,-0.9663367736490601,2,module_expression,1,1,gse73072_hrv_48_64_True
772,0.14088127351063107,3,module_expression,1,1,gse73072_hrv_48_64_True
773,-0.9713381062650938,4,module_expression,1,1,gse73072_hrv_48_64_True
774,-0.023560185932985256,0,eigengene,1,2,gse73072_hrv_48_64_True
775,0.054706758086743745,1,eigengene,1,2,gse73072_hrv_48_64_True
776,-0.01485558178867008,2,eigengene,1,2,gse73072_hrv_48_64_True
777,0.07329894907576429,3,eigengene,1,2,gse73072_hrv_48_64_True
778,0.03354524643152845,4,eigengene,1,2,gse73072_hrv_48_64_True
779,0.0027997630969687215,0,flag_mean,1,2,gse73072_hrv_48_64_True
780,0.05038968655547049,3,flag_mean,1,2,gse73072_hrv_48_64_True
781,0.08104909786604764,1,flag_median,1,2,gse73072_hrv_48_64_True
782,0.0870445065879406,3,flag_median,1,2,gse73072_hrv_48_64_True
783,0.029318607724076573,4,flag_median,1,2,gse73072_hrv_48_64_True
784,-0.003964537969248116,2,eigengene,1,4,gse73072_hrv_48_64_True
785,-0.006079491450830643,4,eigengene,1,4,gse73072_hrv_48_64_True
786,0.007286562931854368,0,flag_mean,1,4,gse73072_hrv_48_64_True
787,0.03748292053873703,1,flag_mean,1,4,gse73072_hrv_48_64_True
788,0.011876980313546781,2,flag_mean,1,4,gse73072_hrv_48_64_True
789,0.07558987532779371,3,flag_mean,1,4,gse73072_hrv_48_64_True
790,0.011883723055838624,4,flag_mean,1,4,gse73072_hrv_48_64_True
791,-0.001687036737917147,0,flag_median,1,4,gse73072_hrv_48_64_True
792,0.051667257342977724,1,flag_median,1,4,gse73072_hrv_48_64_True
793,0.10499009556217076,3,flag_median,1,4,gse73072_hrv_48_64_True
794,-0.005154914233575392,4,flag_median,1,4,gse73072_hrv_48_64_True
795,-0.012904036325131485,0,eigengene,1,8,gse73072_hrv_48_64_True
796,0.02836441830743963,1,eigengene,1,8,gse73072_hrv_48_64_True
797,-0.047528713246935306,2,eigengene,1,8,gse73072_hrv_48_64_True
798,0.019080361111069033,3,eigengene,1,8,gse73072_hrv_48_64_True
799,-0.034777185520199705,0,flag_mean,1,8,gse73072_hrv_48_64_True
800,0.04964092351380045,1,flag_mean,1,8,gse73072_hrv_48_64_True
801,-0.04059804899821229,2,flag_mean,1,8,gse73072_hrv_48_64_True
802,-3.6983088690378807e-06,4,flag_mean,1,8,gse73072_hrv_48_64_True
803,-0.002808736696638503,0,flag_median,1,8,gse73072_hrv_48_64_True
804,0.048627756599211924,1,flag_median,1,8,gse73072_hrv_48_64_True
805,-0.005944727754597867,2,flag_median,1,8,gse73072_hrv_48_64_True
806,0.010694980919367936,4,flag_median,1,8,gse73072_hrv_48_64_True
807,0.0033606130763295106,0,flag_mean,2,1,gse73072_hrv_48_64_True
808,0.07902276403687036,1,flag_mean,2,1,gse73072_hrv_48_64_True
809,0.12828117912446912,3,flag_mean,2,1,gse73072_hrv_48_64_True
810,0.00594001237348496,4,flag_mean,2,1,gse73072_hrv_48_64_True
811,0.10231734826813632,3,flag_median,2,1,gse73072_hrv_48_64_True
812,-0.056089484735906914,0,flag_mean,2,2,gse73072_hrv_48_64_True
813,0.0324170859657944,1,flag_mean,2,2,gse73072_hrv_48_64_True
814,-0.010895202217971134,2,flag_mean,2,2,gse73072_hrv_48_64_True
815,-0.02711998497152357,3,flag_mean,2,2,gse73072_hrv_48_64_True
816,0.027997783127997833,4,flag_mean,2,2,gse73072_hrv_48_64_True
817,-0.045433335128053254,0,flag_median,2,2,gse73072_hrv_48_64_True
818,0.019245916076142455,1,flag_median,2,2,gse73072_hrv_48_64_True
819,0.0009859364941251503,2,flag_median,2,2,gse73072_hrv_48_64_True
820,-0.04697467915577813,3,flag_median,2,2,gse73072_hrv_48_64_True
821,0.009638321242505077,4,flag_median,2,2,gse73072_hrv_48_64_True
822,-0.021316786015542433,0,flag_mean,2,4,gse73072_hrv_48_64_True
823,0.03748292053873725,1,flag_mean,2,4,gse73072_hrv_48_64_True
824,0.003956221172149332,2,flag_mean,2,4,gse73072_hrv_48_64_True
825,-0.022538132467464833,3,flag_mean,2,4,gse73072_hrv_48_64_True
826,0.016110361763290282,4,flag_mean,2,4,gse73072_hrv_48_64_True
827,-0.03870313537572467,0,flag_median,2,4,gse73072_hrv_48_64_True
828,0.007087913101079035,1,flag_median,2,4,gse73072_hrv_48_64_True
829,-0.007924917539946952,2,flag_median,2,4,gse73072_hrv_48_64_True
830,-0.05575656312189048,3,flag_median,2,4,gse73072_hrv_48_64_True
831,-0.0027774299606341257,4,flag_median,2,4,gse73072_hrv_48_64_True
832,-4.486799834890753e-06,0,flag_mean,2,8,gse73072_hrv_48_64_True
833,-4.255301041311554e-06,1,flag_mean,2,8,gse73072_hrv_48_64_True
834,-4.158398549169995e-06,2,flag_mean,2,8,gse73072_hrv_48_64_True
835,-1.0690989176165289e-05,3,flag_mean,2,8,gse73072_hrv_48_64_True
836,-3.6983088690378807e-06,4,flag_mean,2,8,gse73072_hrv_48_64_True
837,0.003921463055690078,0,flag_median,2,8,gse73072_hrv_48_64_True
838,0.005061579271901762,1,flag_median,2,8,gse73072_hrv_48_64_True
839,-0.016835771574019498,2,flag_median,2,8,gse73072_hrv_48_64_True
840,-0.006883469745263993,3,flag_median,2,8,gse73072_hrv_48_64_True
841,0.00382669301975902,4,flag_median,2,8,gse73072_hrv_48_64_True
842,-0.10204570315263595,0,eigengene,1,1,salmonella_Liver
843,-0.16260707247432538,1,eigengene,1,1,salmonella_Liver
844,-0.007942806712338268,2,eigengene,1,1,salmonella_Liver
845,-7.618989569579959e-06,3,eigengene,1,1,salmonella_Liver
846,-0.2660631259105404,4,eigengene,1,1,salmonella_Liver
847,-0.12245375535371239,0,flag_mean,1,1,salmonella_Liver
848,-0.10569687351626977,1,flag_mean,1,1,salmonella_Liver
849,-0.015879264258639614,2,flag_mean,1,1,salmonella_Liver
850,-0.019055092913577765,3,flag_mean,1,1,salmonella_Liver
851,-0.2752373368366585,4,flag_mean,1,1,salmonella_Liver
852,-0.08844033501858495,0,flag_median,1,1,salmonella_Liver
853,-0.14634701562916663,1,flag_median,1,1,salmonella_Liver
854,-0.02381572180494096,2,flag_median,1,1,salmonella_Liver
855,-0.03810256683758595,3,flag_median,1,1,salmonella_Liver
856,-0.3027599696150133,4,flag_median,1,1,salmonella_Liver
857,-0.04082154654940651,0,module_expression,1,1,salmonella_Liver
858,-0.11382690193884915,1,module_expression,1,1,salmonella_Liver
859,-6.34916603703406e-06,2,module_expression,1,1,salmonella_Liver
860,-0.019055092913577765,3,module_expression,1,1,salmonella_Liver
861,-0.2752373368366585,4,module_expression,1,1,salmonella_Liver
862,-0.08844033501858495,0,eigengene,1,2,salmonella_Liver
863,-0.11382690193884915,1,eigengene,1,2,salmonella_Liver
864,-0.02381572180494096,2,eigengene,1,2,salmonella_Liver
865,-0.019055092913577765,3,eigengene,1,2,salmonella_Liver
866,-0.06504673140337303,1,flag_mean,1,2,salmonella_Liver
867,-0.3027599696150133,4,flag_mean,1,2,salmonella_Liver
868,-0.09524301908561039,0,flag_median,1,2,salmonella_Liver
869,-0.154477044051746,1,flag_median,1,2,salmonella_Liver
870,-0.29358575868889514,4,flag_median,1,2,salmonella_Liver
871,-0.08163765095155939,0,eigengene,1,4,salmonella_Liver
872,-0.056916702980793654,1,eigengene,1,4,salmonella_Liver
873,-0.015879264258639614,2,eigengene,1,4,salmonella_Liver
874,-7.618989569579959e-06,3,eigengene,1,4,salmonella_Liver
875,-0.3027599696150133,4,eigengene,1,4,salmonella_Liver
876,-0.12925643942073783,0,flag_mean,1,4,salmonella_Liver
877,-0.024396589290476167,1,flag_mean,1,4,salmonella_Liver
878,-0.02381572180494096,2,flag_mean,1,4,salmonella_Liver
879,-0.019055092913577765,3,flag_mean,1,4,salmonella_Liver
880,-0.3578052351717227,4,flag_mean,1,4,salmonella_Liver
881,-0.11565107128668684,0,flag_median,1,4,salmonella_Liver
882,-0.08130678824853166,1,flag_median,1,4,salmonella_Liver
883,-0.03810256683758595,3,flag_median,1,4,salmonella_Liver
884,-0.38532786795007745,4,flag_median,1,4,salmonella_Liver
885,-0.13605912348776328,0,eigengene,1,8,salmonella_Liver
886,-0.056916702980793654,1,eigengene,1,8,salmonella_Liver
887,-0.03968863689754354,2,eigengene,1,8,salmonella_Liver
888,-0.07619751468560243,3,eigengene,1,8,salmonella_Liver
889,-0.22936628220606725,4,eigengene,1,8,salmonella_Liver
890,-0.06122959875048295,0,flag_mean,1,8,salmonella_Liver
891,-0.08130678824853166,1,flag_mean,1,8,salmonella_Liver
892,-0.015879264258639614,2,flag_mean,1,8,salmonella_Liver
893,-0.07619751468560243,3,flag_mean,1,8,salmonella_Liver
894,-0.27523733683665863,4,flag_mean,1,8,salmonella_Liver
895,-0.12925643942073783,0,flag_median,1,8,salmonella_Liver
896,-0.04878667455821428,1,flag_median,1,8,salmonella_Liver
897,-0.08572125164760647,3,flag_median,1,8,salmonella_Liver
898,-0.31193418054113153,4,flag_median,1,8,salmonella_Liver
899,-0.17007254382289072,0,flag_mean,2,1,salmonella_Liver
900,-0.12195693036142852,1,flag_mean,2,1,salmonella_Liver
901,-0.007942806712338268,2,flag_mean,2,1,salmonella_Liver
902,-0.019055092913577765,3,flag_mean,2,1,salmonella_Liver
903,-0.19266943850159424,4,flag_mean,2,1,salmonella_Liver
904,-0.10204570315263595,0,flag_median,2,1,salmonella_Liver
905,-0.16260707247432538,1,flag_median,2,1,salmonella_Liver
906,-6.34916603703406e-06,2,flag_median,2,1,salmonella_Liver
907,-7.618989569579959e-06,3,flag_median,2,1,salmonella_Liver
908,-0.220192071279949,4,flag_median,2,1,salmonella_Liver
909,-0.054426914683457506,0,flag_mean,2,2,salmonella_Liver
910,0.024383581244999952,1,flag_mean,2,2,salmonella_Liver
911,-6.34916603703406e-06,2,flag_mean,2,2,salmonella_Liver
912,-0.028578829875581913,3,flag_mean,2,2,salmonella_Liver
913,-0.055056274609820655,4,flag_mean,2,2,salmonella_Liver
914,-0.0680322828175085,0,flag_median,2,2,salmonella_Liver
915,0.024383581244999952,1,flag_median,2,2,salmonella_Liver
916,0.007930108380264311,2,flag_median,2,2,salmonella_Liver
917,-0.028578829875581913,3,flag_median,2,2,salmonella_Liver
918,-0.06423048553593869,4,flag_median,2,2,salmonella_Liver
919,-0.04082154654940651,0,flag_mean,2,4,salmonella_Liver
920,0.01625355282242058,1,flag_mean,2,4,salmonella_Liver
921,0.015866565926565546,2,flag_mean,2,4,salmonella_Liver
922,-0.028578829875581913,3,flag_mean,2,4,salmonella_Liver
923,-0.02753364183146567,4,flag_mean,2,4,salmonella_Liver
924,-0.0680322828175085,0,flag_median,2,4,salmonella_Liver
925,0.032513609667579324,1,flag_median,2,4,salmonella_Liver
926,-6.34916603703406e-06,2,flag_median,2,4,salmonella_Liver
927,-0.06667377772359828,3,flag_median,2,4,salmonella_Liver
928,-0.09175311831429367,4,flag_median,2,4,salmonella_Liver
929,-5.442147253620355e-06,0,flag_mean,2,8,salmonella_Liver
930,-6.504022738051951e-06,1,flag_mean,2,8,salmonella_Liver
931,-6.34916603703406e-06,2,flag_mean,2,8,salmonella_Liver
932,-7.618989569579959e-06,3,flag_mean,2,8,salmonella_Liver
933,-1.1009053111354916e-05,4,flag_mean,2,8,salmonella_Liver
934,-0.020413494348330063,0,flag_median,2,8,salmonella_Liver
935,-6.504022738051951e-06,1,flag_median,2,8,salmonella_Liver
936,-6.34916603703406e-06,2,flag_median,2,8,salmonella_Liver
937,-0.028578829875581913,3,flag_median,2,8,salmonella_Liver
938,-0.04588206368370229,4,flag_median,2,8,salmonella_Liver
939,0.8383689828769061,0,eigengene,1,1,salmonella_Liver_susceptible
940,0.5569541420043442,1,eigengene,1,1,salmonella_Liver_susceptible
941,0.9243568110466485,2,eigengene,1,1,salmonella_Liver_susceptible
942,0.24799201285111772,3,eigengene,1,1,salmonella_Liver_susceptible
943,1.1770561201318315,4,eigengene,1,1,salmonella_Liver_susceptible
944,0.787864340490178,0,flag_mean,1,1,salmonella_Liver_susceptible
945,0.4620179138333478,1,flag_mean,1,1,salmonella_Liver_susceptible
946,0.9075502013431842,2,flag_mean,1,1,salmonella_Liver_susceptible
947,0.22399216645013476,3,flag_mean,1,1,salmonella_Liver_susceptible
948,1.2083057295117148,4,flag_mean,1,1,salmonella_Liver_susceptible
949,0.8282680543995604,0,flag_median,1,1,salmonella_Liver_susceptible
950,0.41138525880881627,1,flag_median,1,1,salmonella_Liver_susceptible
951,0.8907435916397202,2,flag_median,1,1,salmonella_Liver_susceptible
952,0.1999923200491518,3,flag_median,1,1,salmonella_Liver_susceptible
953,1.135389974291988,4,flag_median,1,1,salmonella_Liver_susceptible
954,0.4620179138333478,1,module_expression,1,1,salmonella_Liver_susceptible
955,0.22399216645013476,3,module_expression,1,1,salmonella_Liver_susceptible
956,1.2083057295117143,4,module_expression,1,1,salmonella_Liver_susceptible
957,0.8686717683089431,0,eigengene,1,2,salmonella_Liver_susceptible
958,0.5822704695166101,1,eigengene,1,2,salmonella_Liver_susceptible
959,0.9411634207501127,2,eigengene,1,2,salmonella_Liver_susceptible
960,0.9374757815527308,4,eigengene,1,2,salmonella_Liver_susceptible
961,0.626574042663075,1,eigengene,1,4,salmonella_Liver_susceptible
962,0.19199237124882407,3,eigengene,1,4,salmonella_Liver_susceptible
963,0.7979652689675236,0,flag_mean,1,4,salmonella_Liver_susceptible
964,0.6455612882972745,1,flag_mean,1,4,salmonella_Liver_susceptible
965,0.9327601158983805,2,flag_mean,1,4,salmonella_Liver_susceptible
966,0.23199211525046248,3,flag_mean,1,4,salmonella_Liver_susceptible
967,0.6012577151508094,1,flag_median,1,4,salmonella_Liver_susceptible
968,0.9411634207501127,2,flag_median,1,4,salmonella_Liver_susceptible
969,0.23199211525046248,3,flag_median,1,4,salmonella_Liver_susceptible
970,-0.9200005119967232,3,eigengene,1,8,salmonella_Liver_susceptible
971,-0.8734183624386712,1,flag_mean,1,8,salmonella_Liver_susceptible
972,-0.9393944291359262,0,flag_median,1,8,salmonella_Liver_susceptible
973,-0.9493673449754685,1,flag_median,1,8,salmonella_Liver_susceptible
974,-0.9327735611861433,2,flag_median,1,8,salmonella_Liver_susceptible
975,-0.952000307198034,3,flag_median,1,8,salmonella_Liver_susceptible
976,-0.9062511718603518,4,flag_median,1,8,salmonella_Liver_susceptible
977,0.8282680543995604,0,flag_mean,2,1,salmonella_Liver_susceptible
978,0.5316378144920786,1,flag_mean,2,1,salmonella_Liver_susceptible
979,0.9495667256018447,2,flag_mean,2,1,salmonella_Liver_susceptible
980,0.19199237124882407,3,flag_mean,2,1,salmonella_Liver_susceptible
981,1.2603884118115185,4,flag_mean,2,1,salmonella_Liver_susceptible
982,0.787864340490178,0,flag_median,2,1,salmonella_Liver_susceptible
983,0.525308732614012,1,flag_median,2,1,salmonella_Liver_susceptible
984,0.9327601158983805,2,flag_median,2,1,salmonella_Liver_susceptible
985,0.23999206405079,3,flag_median,2,1,salmonella_Liver_susceptible
986,1.2603884118115185,4,flag_median,2,1,salmonella_Liver_susceptible
987,0.787864340490178,0,flag_mean,2,2,salmonella_Liver_susceptible
988,0.5759413876385435,1,flag_mean,2,2,salmonella_Liver_susceptible
989,0.9999865547122373,2,flag_mean,2,2,salmonella_Liver_susceptible
990,0.23999206405079,3,flag_mean,2,2,salmonella_Liver_susceptible
991,1.2812214847314407,4,flag_mean,2,2,salmonella_Liver_susceptible
992,0.8383689828769061,0,flag_median,2,2,salmonella_Liver_susceptible
993,0.6202449607850087,1,flag_median,2,2,salmonella_Liver_susceptible
994,0.983179945008773,2,flag_median,2,2,salmonella_Liver_susceptible
995,0.24799201285111772,3,flag_median,2,2,salmonella_Liver_susceptible
996,1.1353899742919884,4,flag_median,2,2,salmonella_Liver_susceptible
997,0.787864340490178,0,flag_mean,2,4,salmonella_Liver_susceptible
998,0.6329031245411416,1,flag_mean,2,4,salmonella_Liver_susceptible
999,0.9999865547122373,2,flag_mean,2,4,salmonella_Liver_susceptible
1000,0.26399191045177317,3,flag_mean,2,4,salmonella_Liver_susceptible
1001,1.2603884118115185,4,flag_mean,2,4,salmonella_Liver_susceptible
1002,0.8282680543995604,0,flag_median,2,4,salmonella_Liver_susceptible
1003,0.6202449607850087,1,flag_median,2,4,salmonella_Liver_susceptible
1004,0.983179945008773,2,flag_median,2,4,salmonella_Liver_susceptible
1005,0.2079922688494793,3,flag_median,2,4,salmonella_Liver_susceptible
1006,1.0833072919921833,4,flag_median,2,4,salmonella_Liver_susceptible
1007,-8.080742781912953e-06,0,flag_mean,2,8,salmonella_Liver_susceptible
1008,-5.063265502425196e-06,1,flag_mean,2,8,salmonella_Liver_susceptible
1009,-6.7226438813516864e-06,2,flag_mean,2,8,salmonella_Liver_susceptible
1010,-6.3999590402818995e-06,3,flag_mean,2,8,salmonella_Liver_susceptible
1011,-1.2499843751956341e-05,4,flag_mean,2,8,salmonella_Liver_susceptible
1012,-0.636366574815557,0,flag_median,2,8,salmonella_Liver_susceptible
1013,-0.6519004967063458,1,flag_median,2,8,salmonella_Liver_susceptible
1014,-0.4705917943408784,2,flag_median,2,8,salmonella_Liver_susceptible
1015,-0.6080025087839438,3,flag_median,2,8,salmonella_Liver_susceptible
1016,-0.5312558593017587,4,flag_median,2,8,salmonella_Liver_susceptible
1017,-0.08108770387240449,0,eigengene,1,1,salmonella_Liver_tolerant
1018,-0.04192075726583344,1,eigengene,1,1,salmonella_Liver_tolerant
1019,178749.0,2,eigengene,1,1,salmonella_Liver_tolerant
1020,177499.0,3,eigengene,1,1,salmonella_Liver_tolerant
1021,-0.0650953957723378,4,eigengene,1,1,salmonella_Liver_tolerant
1022,-0.21622186506763919,0,flag_mean,1,1,salmonella_Liver_tolerant
1023,-0.10778870520380734,1,flag_mean,1,1,salmonella_Liver_tolerant
1024,176249.0,2,flag_mean,1,1,salmonella_Liver_tolerant
1025,187499.0,3,flag_mean,1,1,salmonella_Liver_tolerant
1026,-0.35503416543787847,4,flag_mean,1,1,salmonella_Liver_tolerant
1027,-0.2252308091473214,0,flag_median,1,1,salmonella_Liver_tolerant
1028,-0.11377670047089594,1,flag_median,1,1,salmonella_Liver_tolerant
1029,177499.0,2,flag_median,1,1,salmonella_Liver_tolerant
1030,179999.0,3,flag_median,1,1,salmonella_Liver_tolerant
1031,-0.33728281219304945,4,flag_median,1,1,salmonella_Liver_tolerant
1032,-0.18018608874890996,0,module_expression,1,1,salmonella_Liver_tolerant
1033,-0.10778870520380734,1,module_expression,1,1,salmonella_Liver_tolerant
1034,176249.0,2,module_expression,1,1,salmonella_Liver_tolerant
1035,186249.0,3,module_expression,1,1,salmonella_Liver_tolerant
1036,-0.33136569444477315,4,module_expression,1,1,salmonella_Liver_tolerant
1037,-0.09009664795208683,0,eigengene,1,2,salmonella_Liver_tolerant
1038,-0.04192075726583344,1,eigengene,1,2,salmonella_Liver_tolerant
1039,177499.0,2,eigengene,1,2,salmonella_Liver_tolerant
1040,186249.0,3,eigengene,1,2,salmonella_Liver_tolerant
1041,-0.07101251352061422,4,eigengene,1,2,salmonella_Liver_tolerant
1042,-0.017968776197479275,1,eigengene,1,4,salmonella_Liver_tolerant
1043,178749.0,2,eigengene,1,4,salmonella_Liver_tolerant
1044,-0.02367557153440336,4,eigengene,1,4,salmonella_Liver_tolerant
1045,-0.11712348019113372,0,flag_mean,1,4,salmonella_Liver_tolerant
1046,177499.0,2,flag_mean,1,4,salmonella_Liver_tolerant
1047,181249.0,3,flag_mean,1,4,salmonella_Liver_tolerant
1048,-0.09009664795208683,0,flag_median,1,4,salmonella_Liver_tolerant
1049,-0.035932761998744955,1,flag_median,1,4,salmonella_Liver_tolerant
1050,178749.0,2,flag_median,1,4,salmonella_Liver_tolerant
1051,182499.0,3,flag_median,1,4,salmonella_Liver_tolerant
1052,-0.08876386676544323,4,flag_median,1,4,salmonella_Liver_tolerant
1053,-0.005992785663302191,1,eigengene,1,8,salmonella_Liver_tolerant
1054,188749.0,3,eigengene,1,8,salmonella_Liver_tolerant
1055,-0.04142692477923238,4,eigengene,1,8,salmonella_Liver_tolerant
1056,-0.07207875979272216,0,flag_mean,1,8,salmonella_Liver_tolerant
1057,-0.029944766731656358,1,flag_mean,1,8,salmonella_Liver_tolerant
1058,178749.0,2,flag_mean,1,8,salmonella_Liver_tolerant
1059,187499.0,3,flag_mean,1,8,salmonella_Liver_tolerant
1060,-0.09009664795208683,0,flag_median,1,8,salmonella_Liver_tolerant
1061,-0.011980780930390789,1,flag_median,1,8,salmonella_Liver_tolerant
1062,178749.0,2,flag_median,1,8,salmonella_Liver_tolerant
1063,182499.0,3,flag_median,1,8,salmonella_Liver_tolerant
1064,-0.011841336037850647,4,flag_median,1,8,salmonella_Liver_tolerant
1065,-0.20721292098795685,0,flag_mean,2,1,salmonella_Liver_tolerant
1066,-0.08982471940254178,1,flag_mean,2,1,salmonella_Liver_tolerant
1067,178749.0,2,flag_mean,2,1,salmonella_Liver_tolerant
1068,187499.0,3,flag_mean,2,1,salmonella_Liver_tolerant
1069,-0.31361434119994425,4,flag_mean,2,1,salmonella_Liver_tolerant
1070,-0.18919503282859218,0,flag_median,2,1,salmonella_Liver_tolerant
1071,-0.09581271466963026,1,flag_median,2,1,salmonella_Liver_tolerant
1072,178749.0,2,flag_median,2,1,salmonella_Liver_tolerant
1073,184999.0,3,flag_median,2,1,salmonella_Liver_tolerant
1074,-0.33728281219304956,4,flag_median,2,1,salmonella_Liver_tolerant
1075,-0.01802509531462837,0,flag_mean,2,2,salmonella_Liver_tolerant
1076,0.029935185939228948,1,flag_mean,2,2,salmonella_Liver_tolerant
1077,179999.0,2,flag_mean,2,2,salmonella_Liver_tolerant
1078,191249.0,3,flag_mean,2,2,salmonella_Liver_tolerant
1079,-0.02367557153440336,4,flag_mean,2,2,salmonella_Liver_tolerant
1080,0.027019625083783305,0,flag_median,2,2,salmonella_Liver_tolerant
1081,0.04789917174049463,1,flag_median,2,2,salmonella_Liver_tolerant
1082,178749.0,2,flag_median,2,2,salmonella_Liver_tolerant
1083,182499.0,3,flag_median,2,2,salmonella_Liver_tolerant
1084,-0.02367557153440336,4,flag_median,2,2,salmonella_Liver_tolerant
1085,-0.009016151234946035,0,flag_mean,2,4,salmonella_Liver_tolerant
1086,-0.005992785663302191,1,flag_mean,2,4,salmonella_Liver_tolerant
1087,179999.0,2,flag_mean,2,4,salmonella_Liver_tolerant
1088,182499.0,3,flag_mean,2,4,salmonella_Liver_tolerant
1089,-0.05917827802406139,4,flag_mean,2,4,salmonella_Liver_tolerant
1090,-0.045051927553675264,0,flag_median,2,4,salmonella_Liver_tolerant
1091,0.017959195405051975,1,flag_median,2,4,salmonella_Liver_tolerant
1092,179999.0,2,flag_median,2,4,salmonella_Liver_tolerant
1093,-0.035509807030955964,4,flag_median,2,4,salmonella_Liver_tolerant
1094,-7.20715526369986e-06,0,flag_mean,2,8,salmonella_Liver_tolerant
1095,-4.79039621370525e-06,1,flag_mean,2,8,salmonella_Liver_tolerant
1096,-7.100541297933027e-06,4,flag_mean,2,8,salmonella_Liver_tolerant
1097,0.01801068100410097,0,flag_median,2,8,salmonella_Liver_tolerant
1098,178749.0,2,flag_median,2,8,salmonella_Liver_tolerant
1099,192499.0,3,flag_median,2,8,salmonella_Liver_tolerant
1100,-0.07692963126889052,4,flag_median,2,8,salmonella_Liver_tolerant
